user_id,total_sent,avg_amount,txn_count,active_hours,account_age_days
user_0,40192.49,1385.9479310344827,29,16,32
user_1,26770.08,1115.42,24,18,719
user_10,34983.07,1128.486129032258,31,15,838
user_100,39746.93,1419.5332142857144,28,15,810
user_1000,46378.68,1656.3814285714286,28,16,269
user_1001,35779.93,1325.1825925925925,27,16,688
user_1002,30480.73,1219.2292,25,16,634
user_1003,38699.8,1547.9920000000002,25,17,704
user_1004,27018.36,1801.224,15,12,367
user_1005,41545.78,1538.7325925925925,27,18,225
user_1006,39396.59,1876.0280952380951,21,14,257
user_1007,44045.51,1295.4561764705884,34,19,718
user_1008,51677.87,1845.6382142857144,28,18,565
user_1009,33534.83,1524.3104545454546,22,17,185
user_101,25876.62,1078.1924999999999,24,15,219
user_1010,36701.8,1529.2416666666668,24,14,221
user_1011,26688.44,1270.8780952380953,21,17,658
user_1012,37646.13,1568.58875,24,16,480
user_1013,37749.85,1451.9173076923075,26,17,226
user_1014,56690.59,1619.7311428571427,35,18,88
user_1015,42510.95,1574.4796296296295,27,20,138
user_1016,38935.1,1497.503846153846,26,16,52
user_1017,39573.34,1582.9335999999998,25,16,41
user_1018,53915.03,1418.8165789473685,38,18,832
user_1019,36396.729999999996,1582.4665217391303,23,14,31
user_102,41508.24,1729.51,24,17,192
user_1020,28487.78,1499.356842105263,19,12,217
user_1021,27106.27,1355.3135,20,14,823
user_1022,40830.05,1701.2520833333335,24,14,619
user_1023,34492.5,1499.6739130434783,23,15,216
user_1024,36221.13,1097.61,33,15,83
user_1025,27522.58,1251.0263636363636,22,13,396
user_1026,33784.26,1126.142,30,16,701
user_1027,27787.45,1389.3725,20,16,64
user_1028,44038.73,1572.8117857142859,28,13,746
user_1029,37295.0,1491.8,25,18,61
user_103,17326.7,1155.1133333333335,15,12,400
user_1030,22322.3,1062.9666666666667,21,16,460
user_1031,19397.29,1141.0170588235294,17,13,411
user_1032,31792.55,1271.702,25,15,519
user_1033,31374.329999999998,1307.2637499999998,24,16,688
user_1034,34898.44,1454.1016666666667,24,16,191
user_1035,33615.41,1344.6164,25,17,473
user_1036,35932.37,1283.2989285714286,28,16,719
user_1037,55418.34,1910.9772413793103,29,16,345
user_1038,40065.36,1602.6144,25,17,117
user_1039,40291.72,1343.0573333333334,30,16,569
user_104,39154.37,1505.9373076923077,26,14,376
user_1040,30324.8,1083.0285714285715,28,14,691
user_1041,54441.53,1756.1783870967743,31,16,153
user_1042,43799.06,1904.306956521739,23,16,365
user_1043,30459.34,1171.5130769230768,26,17,86
user_1044,50797.79,1953.7611538461538,26,16,891
user_1045,27653.19,1024.1922222222222,27,17,890
user_1046,32395.61,1245.9850000000001,26,17,660
user_1047,42638.86,1522.8164285714286,28,17,884
user_1048,59127.9,1847.746875,32,18,464
user_1049,35443.19,1476.7995833333334,24,16,882
user_105,49857.04,1780.6085714285714,28,16,349
user_1050,41194.6,1584.4076923076923,26,16,255
user_1051,70609.83,2521.779642857143,28,16,69
user_1052,56705.72,1772.05375,32,19,267
user_1053,40897.07,1239.3051515151515,33,19,288
user_1054,49488.04,1596.3883870967743,31,18,49
user_1055,21619.59,1080.9795,20,13,567
user_1056,33584.75,1017.719696969697,33,17,111
user_1057,55805.06,1800.1632258064515,31,18,344
user_1058,52312.42,1634.763125,32,19,615
user_1059,45291.869999999995,1561.788620689655,29,17,395
user_106,29587.34,1479.367,20,13,392
user_1060,48874.87,1954.9948000000002,25,16,393
user_1061,44020.39,1693.091923076923,26,17,690
user_1062,31762.989999999998,1270.5195999999999,25,17,345
user_1063,32423.43,1350.97625,24,17,277
user_1064,30261.43,1210.4572,25,16,49
user_1065,40567.979999999996,1448.8564285714285,28,17,219
user_1066,34594.590000000004,1820.7678947368422,19,12,258
user_1067,32976.83,1433.7752173913045,23,16,517
user_1068,24125.52,965.0208,25,16,826
user_1069,64594.35,2083.6887096774194,31,18,241
user_107,20527.54,1080.3968421052632,19,14,758
user_1070,29383.96,1399.2361904761904,21,15,142
user_1071,33535.88,1524.3581818181817,22,13,341
user_1072,24181.76,1511.36,16,11,84
user_1073,36776.61,1268.1589655172413,29,16,321
user_1074,31487.54,1431.2518181818182,22,15,576
user_1075,46948.45,2347.4224999999997,20,13,690
user_1076,42651.4,1254.4529411764706,34,19,848
user_1077,56048.52,1556.9033333333332,36,18,846
user_1078,28705.68,1196.07,24,16,761
user_1079,50756.14,1812.7192857142857,28,18,783
user_108,33630.4,1462.1913043478262,23,12,615
user_1080,39556.97,1719.8682608695653,23,15,562
user_1081,45227.8,1739.5307692307692,26,15,802
user_1082,34931.17,1343.5065384615384,26,15,303
user_1083,69726.15,2112.913636363636,33,19,263
user_1084,47196.55,1748.0203703703705,27,19,502
user_1085,24291.54,1349.53,18,12,663
user_1086,45991.36,1437.23,32,17,533
user_1087,69418.98,1876.1886486486485,37,20,875
user_1088,28832.25,1441.6125,20,14,215
user_1089,61201.53,2040.051,30,15,623
user_109,53964.73,2569.749047619048,21,13,615
user_1090,38775.12,1337.073103448276,29,17,91
user_1091,48335.5,1611.1833333333334,30,19,451
user_1092,18911.43,859.6104545454546,22,16,722
user_1093,53307.72,1719.603870967742,31,18,579
user_1094,50563.12,1532.2157575757576,33,19,831
user_1095,36478.72,1403.0276923076924,26,15,704
user_1096,34259.22,1427.4675,24,17,676
user_1097,20964.920000000002,873.5383333333334,24,15,554
user_1098,33668.51,1603.2623809523811,21,14,364
user_1099,27906.579999999998,1641.5635294117646,17,14,241
user_11,23308.69,1226.7731578947369,19,12,254
user_110,32936.86,1497.13,22,15,835
user_1100,31609.42,1317.0591666666667,24,15,862
user_1101,40563.08,1352.1026666666667,30,17,402
user_1102,28458.87,1237.3421739130433,23,16,643
user_1103,45457.75,1894.0729166666667,24,13,237
user_1104,43745.51,1822.7295833333335,24,18,694
user_1105,40055.81,1430.5646428571429,28,17,705
user_1106,32742.59,1259.3303846153847,26,16,237
user_1107,35214.81,1467.2837499999998,24,16,711
user_1108,33506.43,1595.5442857142857,21,15,369
user_1109,37437.630000000005,1439.9088461538463,26,18,387
user_111,40198.38,1607.9352,25,13,650
user_1110,25285.67,1204.0795238095238,21,12,796
user_1111,40779.86,1456.4235714285714,28,17,892
user_1112,34280.16,1371.2064,25,16,711
user_1113,26446.75,1469.263888888889,18,15,89
user_1114,56163.96,1872.132,30,17,452
user_1115,39731.08,1891.9561904761906,21,14,498
user_1116,22730.87,1262.826111111111,18,12,539
user_1117,36145.74,1807.2869999999998,20,14,496
user_1118,34257.08,1370.2832,25,15,107
user_1119,35891.89,1157.8029032258064,31,15,254
user_112,25011.82,1563.23875,16,13,61
user_1120,24965.300000000003,1386.9611111111112,18,13,238
user_1121,45664.22,1691.2674074074075,27,14,494
user_1122,26326.32,1316.316,20,15,275
user_1123,35200.4,1353.8615384615384,26,14,389
user_1124,26000.239999999998,1130.4452173913044,23,15,619
user_1125,45405.3,2063.877272727273,22,15,64
user_1126,28324.45,1490.7605263157895,19,14,842
user_1127,40515.1,1761.5260869565216,23,12,602
user_1128,33236.53,1749.2910526315789,19,15,589
user_1129,26449.969999999998,1057.9987999999998,25,16,894
user_113,27167.59,1429.8731578947368,19,13,368
user_1130,23045.22,794.6627586206897,29,18,421
user_1131,27408.44,1442.5494736842104,19,13,534
user_1132,25452.62,1339.6115789473683,19,12,810
user_1133,36281.86,1727.7076190476191,21,14,298
user_1134,33786.86,1089.8987096774194,31,17,383
user_1135,34728.58,1929.3655555555556,18,12,891
user_1136,34980.96,1249.32,28,19,749
user_1137,26304.18,1096.0075,24,16,462
user_1138,38064.81,1586.0337499999998,24,15,548
user_1139,27186.63,1430.8752631578948,19,11,677
user_114,23357.16,973.215,24,14,220
user_1140,51263.74,1898.657037037037,27,17,290
user_1141,32949.26,1432.5765217391306,23,17,739
user_1142,29361.78,1276.5991304347826,23,17,208
user_1143,32145.53,1461.1604545454545,22,14,629
user_1144,39908.71,1534.9503846153846,26,17,93
user_1145,51544.52,1777.3972413793103,29,16,675
user_1146,32402.47,1472.8395454545455,22,15,424
user_1147,36947.32,1421.0507692307692,26,16,257
user_1148,52021.55,1734.0516666666667,30,20,763
user_1149,54599.82,1399.9953846153846,39,21,727
user_115,52204.64,1450.128888888889,36,21,335
user_1150,42899.89,1383.8674193548386,31,19,98
user_1151,37529.34,1340.3335714285713,28,16,192
user_1152,35007.68,1458.6533333333334,24,14,803
user_1153,25235.29,1147.0586363636364,22,16,663
user_1154,20177.42,1061.9694736842105,19,11,388
user_1155,45552.61,2169.171904761905,21,14,301
user_1156,26332.81,1097.2004166666668,24,16,744
user_1157,56476.729999999996,1526.398108108108,37,19,117
user_1158,31017.079999999998,969.2837499999999,32,17,386
user_1159,32879.45,1264.5942307692308,26,14,554
user_116,69249.42,1978.5548571428571,35,17,748
user_1160,36916.89,1272.9962068965517,29,17,441
user_1161,45211.79,1808.4716,25,16,68
user_1162,39175.74,1865.5114285714285,21,15,182
user_1163,51189.85,2047.594,25,14,496
user_1164,38182.27,1527.2907999999998,25,15,404
user_1165,40889.06,1703.7108333333333,24,14,882
user_1166,50244.29,1395.6747222222223,36,22,670
user_1167,27010.65,1588.8617647058825,17,13,103
user_1168,69519.66,2242.569677419355,31,18,799
user_1169,31093.58,971.674375,32,20,616
user_117,48771.14,2032.1308333333334,24,16,33
user_1170,32883.28,1565.8704761904762,21,14,167
user_1171,27144.32,1180.1878260869564,23,13,224
user_1172,49549.55,1708.6051724137933,29,18,190
user_1173,34843.979999999996,1833.893684210526,19,14,188
user_1174,39086.36,1395.9414285714286,28,14,456
user_1175,41230.12,1649.2048000000002,25,13,524
user_1176,21773.41,1360.838125,16,11,247
user_1177,49506.68,1500.2024242424243,33,17,209
user_1178,50934.1,1959.003846153846,26,16,519
user_1179,18930.01,996.3163157894736,19,15,869
user_118,50220.74,1674.0246666666667,30,17,90
user_1180,29395.61,1049.8432142857143,28,17,541
user_1181,20479.93,930.9059090909091,22,18,352
user_1182,32334.05,1293.362,25,17,230
user_1183,48288.92,1724.6042857142857,28,16,880
user_1184,41482.22,1257.0369696969697,33,17,338
user_1185,41618.479999999996,1261.1660606060605,33,18,345
user_1186,39649.26,1416.045,28,17,787
user_1187,30703.2,1023.44,30,19,873
user_1188,41298.89,1529.5885185185184,27,15,288
user_1189,35215.77,1257.7060714285712,28,16,433
user_119,55906.92,2070.6266666666666,27,15,361
user_1190,41027.76,1709.49,24,19,699
user_1191,42069.95,1682.7979999999998,25,15,588
user_1192,28389.309999999998,1290.4231818181818,22,12,845
user_1193,38435.14,1098.146857142857,35,21,145
user_1194,40181.89,1385.5824137931033,29,14,375
user_1195,21282.36,925.32,23,16,203
user_1196,30542.09,1454.385238095238,21,14,164
user_1197,33690.18,1684.509,20,13,310
user_1198,41681.73,1667.2692000000002,25,16,590
user_1199,44073.53,1519.7768965517241,29,18,583
user_12,36940.71,1606.1178260869565,23,13,435
user_120,24214.88,1729.6342857142859,14,12,446
user_1200,26442.32,1149.6660869565217,23,16,289
user_1201,32970.06,1433.4808695652173,23,15,406
user_1202,26827.11,1341.3555000000001,20,13,441
user_1203,51043.97,1701.4656666666667,30,16,632
user_1204,47621.7,1443.081818181818,33,20,626
user_1205,47665.52,1489.5475,32,20,865
user_1206,26824.25,1219.284090909091,22,16,238
user_1207,55159.62,1723.738125,32,19,84
user_1208,53180.46,1611.5290909090909,33,20,383
user_1209,30020.12,1580.0063157894735,19,12,125
user_121,28308.25,1572.6805555555557,18,15,84
user_1210,25846.63,994.1011538461539,26,17,376
user_1211,46076.47,1706.535925925926,27,14,511
user_1212,30905.53,1103.7689285714284,28,17,859
user_1213,25682.65,1116.6369565217392,23,13,735
user_1214,29590.76,1345.0345454545454,22,14,565
user_1215,27452.2,1444.8526315789475,19,15,114
user_1216,30529.22,1130.7118518518519,27,16,324
user_1217,24934.11,1246.7055,20,13,169
user_1218,29549.55,1231.23125,24,14,131
user_1219,37048.73,1323.1689285714288,28,16,494
user_122,26637.39,1158.1473913043478,23,13,861
user_1220,40828.35,1512.161111111111,27,16,668
user_1221,20971.79,1165.0994444444445,18,13,604
user_1222,27929.18,1396.459,20,14,66
user_1223,45339.54,1511.318,30,14,495
user_1224,33659.909999999996,1294.611923076923,26,16,222
user_1225,47126.73,1570.891,30,20,764
user_1226,35511.39,1365.8226923076923,26,16,176
user_1227,39104.72,1448.322962962963,27,16,429
user_1228,32434.09,1351.4204166666666,24,14,695
user_1229,35481.0,1144.5483870967741,31,17,364
user_123,55393.15,1846.4383333333333,30,16,144
user_1230,44903.44,1663.0903703703705,27,16,142
user_1231,64994.340000000004,2321.2264285714286,28,19,30
user_1232,45753.32,1694.5674074074075,27,14,649
user_1233,40680.520000000004,1564.6353846153847,26,14,572
user_1234,40311.47,1550.4411538461538,26,16,671
user_1235,33568.68,1243.2844444444445,27,15,723
user_1236,38851.25,1942.5625,20,15,734
user_1237,35320.3,1103.759375,32,17,790
user_1238,32305.58,1468.4354545454546,22,15,497
user_1239,46026.48,2092.1127272727276,22,17,257
user_124,32106.43,1284.2572,25,14,403
user_1240,35771.71,2104.2182352941177,17,12,466
user_1241,30628.57,1701.5872222222222,18,13,166
user_1242,39520.5,1580.82,25,15,105
user_1243,44588.729999999996,1537.5424137931034,29,15,789
user_1244,44027.41,1334.1639393939395,33,17,496
user_1245,35384.71,1474.3629166666667,24,16,366
user_1246,44218.93,1579.2475,28,17,515
user_1247,16584.84,1184.6314285714286,14,8,867
user_1248,24472.52,1882.5015384615385,13,10,491
user_1249,26150.5,1376.342105263158,19,13,470
user_125,33321.6,1388.3999999999999,24,15,674
user_1250,44361.36,1344.2836363636363,33,21,675
user_1251,31709.989999999998,1378.6952173913044,23,14,798
user_1252,24947.84,1247.392,20,15,403
user_1253,29933.41,1032.1865517241379,29,16,245
user_1254,31753.52,1587.676,20,15,84
user_1255,34054.9,1362.1960000000001,25,19,190
user_1256,41146.68,1582.5646153846153,26,17,133
user_1257,27575.54,1103.0216,25,17,850
user_1258,34775.58,1738.779,20,15,806
user_1259,46204.23,1711.2677777777778,27,20,788
user_126,43590.61,1282.0767647058824,34,19,443
user_1260,21566.61,1026.9814285714285,21,15,853
user_1261,20227.61,1011.3805,20,15,543
user_1262,45330.22,1416.569375,32,17,315
user_1263,30017.309999999998,1765.7241176470586,17,13,758
user_1264,63470.65,2047.4403225806452,31,19,581
user_1265,32482.75,1546.797619047619,21,12,849
user_1266,36096.61,1388.331153846154,26,16,429
user_1267,34798.2,1657.0571428571427,21,14,153
user_1268,42773.850000000006,1782.2437500000003,24,15,57
user_1269,35067.17,1298.784074074074,27,15,234
user_127,41843.14,1819.266956521739,23,14,467
user_1270,19812.02,1100.6677777777777,18,10,650
user_1271,34368.409999999996,1562.2004545454545,22,11,886
user_1272,41822.45,1194.9271428571428,35,17,70
user_1273,25021.54,1251.077,20,12,393
user_1274,35005.72,1591.169090909091,22,13,235
user_1275,29817.25,1490.8625,20,12,192
user_1276,40610.09,1561.9265384615383,26,17,797
user_1277,37735.4,1347.6928571428573,28,15,367
user_1278,48831.020000000004,1627.7006666666668,30,17,68
user_1279,21030.19,1051.5095,20,12,699
user_128,33263.32,1446.2313043478262,23,17,498
user_1280,35556.44,1693.1638095238097,21,13,460
user_1281,41780.65,2198.9815789473687,19,15,878
user_1282,53564.130000000005,2231.8387500000003,24,15,751
user_1283,65320.48,1921.1905882352942,34,20,734
user_1284,20640.11,1214.124117647059,17,13,208
user_1285,25245.05,1147.5022727272726,22,11,721
user_1286,41762.58,1988.6942857142858,21,13,359
user_1287,32563.84,1252.4553846153847,26,15,475
user_1288,32420.94,1409.6060869565217,23,15,501
user_1289,31356.09,1493.1471428571429,21,11,336
user_129,44802.14,1544.9013793103447,29,20,633
user_1290,34759.94,1579.9972727272727,22,12,58
user_1291,28934.73,1157.3892,25,13,814
user_1292,25978.41,927.8003571428571,28,16,276
user_1293,35146.28,2343.0853333333334,15,12,531
user_1294,51437.39,1428.816388888889,36,19,860
user_1295,35387.74,1608.5336363636363,22,15,266
user_1296,36312.59,1100.381515151515,33,18,617
user_1297,31143.27,1639.1194736842106,19,14,736
user_1298,36549.88,1522.9116666666666,24,16,97
user_1299,48927.63,2038.65125,24,17,219
user_13,54307.5,1645.6818181818182,33,19,111
user_130,37663.28,1506.5312,25,14,560
user_1300,23013.29,1353.7229411764706,17,11,294
user_1301,46229.01,1712.1855555555555,27,17,225
user_1302,38060.24,1268.6746666666666,30,16,105
user_1303,21169.45,1114.1815789473685,19,12,508
user_1304,28117.87,1171.5779166666666,24,16,746
user_1305,27125.87,1232.9940909090908,22,15,621
user_1306,40936.34,1462.0121428571426,28,17,341
user_1307,54848.31,1567.0945714285713,35,19,688
user_1308,26937.28,841.79,32,18,473
user_1309,70524.08,1855.8968421052632,38,18,156
user_131,36462.58,1657.39,22,13,681
user_1310,19595.16,979.758,20,13,600
user_1311,37695.27,1449.818076923077,26,16,568
user_1312,50248.18,1674.9393333333333,30,18,607
user_1313,37674.76,1506.9904000000001,25,13,770
user_1314,46616.59,1792.9457692307692,26,20,608
user_1315,37751.67,1143.99,33,15,272
user_1316,42890.97,1787.12375,24,16,350
user_1317,33426.12,1671.306,20,15,840
user_1318,53752.51,1853.534827586207,29,18,380
user_1319,25425.2,1338.1684210526316,19,14,370
user_132,28109.91,1277.7231818181817,22,14,220
user_1320,32846.21,1368.5920833333332,24,16,766
user_1321,29024.81,1707.3417647058825,17,12,313
user_1322,48277.14,1788.042222222222,27,13,282
user_1323,46620.23,1554.0076666666669,30,21,825
user_1324,35801.51,1627.3413636363637,22,14,747
user_1325,46042.14,1315.4897142857142,35,18,670
user_1326,39546.66,1412.3807142857145,28,16,804
user_1327,29343.44,1467.172,20,14,896
user_1328,37334.05,1166.6890625,32,15,217
user_1329,29651.079999999998,1289.1773913043478,23,15,152
user_133,34305.66,1270.5800000000002,27,16,610
user_1330,52581.46,1546.5135294117647,34,18,227
user_1331,37799.57,1259.9856666666667,30,18,555
user_1332,19934.51,996.7254999999999,20,16,551
user_1333,26947.399999999998,1077.896,25,19,894
user_1334,39515.57,1463.5396296296296,27,14,563
user_1335,48090.630000000005,1414.4302941176472,34,19,628
user_1336,42046.74,1617.1823076923076,26,15,810
user_1337,25492.05,1213.9071428571428,21,14,49
user_1338,34173.1,1314.35,26,15,756
user_1339,55627.7,2317.820833333333,24,16,515
user_134,47594.52,1487.32875,32,15,91
user_1340,28289.89,1664.1111764705881,17,13,639
user_1341,36012.49,1500.5204166666665,24,14,236
user_1342,33354.91,1010.7548484848486,33,19,418
user_1343,23771.27,1320.6261111111112,18,14,330
user_1344,45095.479999999996,1734.4415384615384,26,16,180
user_1345,26013.01,1300.6505,20,14,660
user_1346,28542.2,1678.9529411764706,17,13,596
user_1347,12426.75,1035.5625,12,10,892
user_1348,66978.8,1860.5222222222224,36,18,744
user_1349,47105.96,1624.343448275862,29,16,382
user_135,18542.58,1158.91125,16,13,884
user_1350,44980.13,1499.3376666666666,30,19,221
user_1351,18493.89,973.3626315789473,19,14,492
user_1352,24629.88,2052.4900000000002,12,8,262
user_1353,24229.06,1101.3209090909093,22,13,33
user_1354,43225.08,1964.7763636363636,22,16,128
user_1355,41031.78,1465.4207142857142,28,15,251
user_1356,52409.27,1310.23175,40,20,470
user_1357,58284.63,1533.806052631579,38,19,404
user_1358,28054.05,1753.378125,16,11,250
user_1359,27707.760000000002,1385.3880000000001,20,12,381
user_136,26948.65,1497.1472222222224,18,12,684
user_1360,44091.2,1695.8153846153846,26,15,463
user_1361,58502.74,1887.1851612903224,31,18,73
user_1362,27243.34,1184.493043478261,23,15,622
user_1363,63957.78,1776.605,36,17,68
user_1364,24827.28,1182.2514285714285,21,14,335
user_1365,39433.96,1643.0816666666667,24,14,240
user_1366,37928.66,1517.1464,25,15,41
user_1367,35208.8,1853.0947368421055,19,15,304
user_1368,27547.22,1252.1463636363637,22,15,500
user_1369,51886.83,1673.7687096774193,31,18,307
user_137,31418.17,1013.4893548387096,31,19,498
user_1370,38308.75,1915.4375,20,13,552
user_1371,47933.06,1917.3224,25,16,348
user_1372,47799.44,1291.8767567567568,37,22,650
user_1373,44050.01,1631.4818518518518,27,18,838
user_1374,33714.45,1685.7224999999999,20,15,158
user_1375,36143.12,1390.1200000000001,26,18,712
user_1376,30484.34,1905.27125,16,13,293
user_1377,34609.0,1281.8148148148148,27,17,91
user_1378,44091.159999999996,1520.3848275862067,29,18,171
user_1379,34139.45,1365.578,25,15,299
user_138,50649.6,2025.984,25,15,121
user_1380,44157.76,1577.0628571428572,28,21,524
user_1381,38026.89,1728.495,22,15,152
user_1382,27968.010000000002,1216.0004347826089,23,13,353
user_1383,34197.96,1424.915,24,14,65
user_1384,75360.72,1983.1768421052632,38,21,466
user_1385,20517.84,1139.88,18,13,570
user_1386,41541.24,1730.885,24,14,319
user_1387,32687.600000000002,1210.651851851852,27,15,289
user_1388,46465.88,1548.8626666666667,30,17,377
user_1389,49088.64,1443.7835294117647,34,19,128
user_139,22116.3,961.5782608695652,23,14,580
user_1390,39189.06,1399.6092857142855,28,16,885
user_1391,19959.84,1247.49,16,13,644
user_1392,22933.22,1349.0129411764706,17,13,471
user_1393,44631.49,1653.0181481481482,27,19,848
user_1394,30518.41,1525.9205,20,12,230
user_1395,58042.61,2001.4693103448276,29,18,679
user_1396,46317.77,1543.9256666666665,30,18,749
user_1397,40234.63,1828.846818181818,22,15,750
user_1398,17417.11,1244.0792857142858,14,8,136
user_1399,31951.41,1278.0564,25,16,636
user_14,35646.07,1149.8732258064515,31,19,255
user_140,45626.729999999996,1382.6281818181817,33,17,230
user_1400,33493.43,1456.2360869565218,23,14,777
user_1401,51948.12,1574.1854545454546,33,21,150
user_1402,39146.23,1779.3740909090911,22,15,842
user_1403,34016.66,1889.8144444444447,18,16,790
user_1404,55169.25,2206.77,25,15,101
user_1405,20146.05,1185.0617647058823,17,14,523
user_1406,26735.34,1215.2427272727273,22,12,787
user_1407,45457.39,1336.9820588235293,34,19,622
user_1408,44280.61,1302.3708823529412,34,21,881
user_1409,17935.27,943.9615789473685,19,12,338
user_141,30169.4,1371.3363636363638,22,13,710
user_1410,54284.43,2584.9728571428573,21,15,544
user_1411,54751.47,1887.981724137931,29,18,321
user_1412,46107.2,1844.2879999999998,25,15,227
user_1413,21485.21,1263.835882352941,17,11,632
user_1414,27649.239999999998,1626.425882352941,17,13,207
user_1415,41495.77,1659.8308,25,15,718
user_1416,31287.3,1117.4035714285715,28,14,345
user_1417,40394.98,2126.0515789473684,19,11,265
user_1418,46485.16,1721.6725925925928,27,18,447
user_1419,37092.27,1483.6907999999999,25,15,895
user_142,46291.55,1653.269642857143,28,16,877
user_1420,34079.31,1175.148620689655,29,13,440
user_1421,39275.12,1190.1551515151516,33,17,457
user_1422,34654.12,1650.1961904761906,21,17,682
user_1423,31271.73,1645.8805263157894,19,14,755
user_1424,25150.66,1257.533,20,15,311
user_1425,33799.17,1609.4842857142855,21,13,596
user_1426,50973.48,1820.4814285714288,28,17,108
user_1427,42547.47,1467.1541379310345,29,17,523
user_1428,39705.46,1323.5153333333333,30,18,884
user_1429,30009.329999999998,1200.3732,25,17,656
user_143,40681.96,1695.0816666666667,24,15,648
user_1430,37522.54,2084.5855555555554,18,13,386
user_1431,60298.38,1945.1090322580644,31,19,397
user_1432,34963.61,1398.5444,25,16,695
user_1433,41102.24,1417.318620689655,29,17,877
user_1434,38676.35,2417.271875,16,10,241
user_1435,21131.239999999998,1112.1705263157894,19,13,695
user_1436,39454.94,1409.105,28,15,793
user_1437,30062.35,1113.4203703703704,27,17,570
user_1438,30195.899999999998,1258.1625,24,17,366
user_1439,24667.98,1451.0576470588235,17,11,401
user_144,43107.310000000005,1657.9734615384618,26,18,359
user_1440,27437.08,1613.9458823529412,17,15,600
user_1441,63507.060000000005,2189.898620689655,29,17,784
user_1442,22258.22,1011.7372727272727,22,16,546
user_1443,61133.29,1852.5239393939394,33,18,464
user_1444,38920.66,1441.505925925926,27,17,50
user_1445,42458.62,1633.0238461538463,26,18,591
user_1446,28784.3,1693.1941176470589,17,13,330
user_1447,43983.85,1570.8517857142856,28,15,452
user_1448,55642.95,2060.85,27,18,323
user_1449,28949.09,1378.5280952380951,21,14,789
user_145,27543.93,1311.6157142857144,21,14,672
user_1450,27899.73,1394.9865,20,15,428
user_1451,34481.86,1326.2253846153847,26,17,838
user_1452,51098.8,1965.3384615384616,26,19,648
user_1453,52547.99,2627.3995,20,12,307
user_1454,31682.72,1377.5095652173914,23,14,854
user_1455,25025.49,1088.0647826086956,23,14,810
user_1456,28314.94,1490.26,19,16,504
user_1457,36487.21,1351.378148148148,27,19,221
user_1458,38911.87,1691.8204347826088,23,13,808
user_1459,20912.28,1230.1341176470587,17,12,172
user_146,41040.38,1520.014074074074,27,15,808
user_1460,44612.54,1784.5016,25,14,639
user_1461,35436.39,1540.712608695652,23,15,435
user_1462,19368.12,1139.3011764705882,17,14,831
user_1463,32924.83,1316.9932000000001,25,14,886
user_1464,43799.939999999995,1990.9063636363635,22,13,292
user_1465,35189.06,1599.5027272727273,22,14,541
user_1466,31582.36,1373.1460869565217,23,16,802
user_1467,21326.59,1184.8105555555555,18,13,748
user_1468,34230.85,1488.2978260869565,23,16,377
user_1469,33385.34,1192.3335714285713,28,17,301
user_147,57453.979999999996,1853.354193548387,31,18,833
user_1470,48042.17,2001.7570833333332,24,17,574
user_1471,35552.15,1225.9362068965518,29,18,687
user_1472,35940.83,1497.5345833333333,24,15,485
user_1473,23188.12,1104.1961904761904,21,16,506
user_1474,58081.26,1708.2723529411765,34,21,825
user_1475,42705.66,1377.601935483871,31,18,224
user_1476,46890.1,1616.8999999999999,29,19,817
user_1477,32946.5,1647.325,20,14,125
user_1478,21761.49,1208.9716666666668,18,11,399
user_1479,25229.62,1484.095294117647,17,12,427
user_148,34877.92,1291.7748148148148,27,19,580
user_1480,23228.48,1106.1180952380953,21,17,709
user_1481,42086.26,1683.4504000000002,25,16,414
user_1482,29650.57,1744.1511764705883,17,12,263
user_1483,25069.21,1193.7719047619048,21,14,144
user_1484,33652.98,2403.784285714286,14,9,533
user_1485,16920.31,1301.5623076923077,13,8,137
user_1486,60643.26,2165.8307142857143,28,18,735
user_1487,45308.47,1562.3610344827587,29,19,439
user_1488,70412.4,2514.7285714285713,28,15,728
user_1489,36875.2,1418.276923076923,26,15,216
user_149,40723.51,1404.2589655172414,29,16,475
user_1490,43600.57,1676.945,26,14,98
user_1491,38028.83,1521.1532,25,14,514
user_1492,42134.229999999996,1452.9044827586206,29,17,239
user_1493,49080.56,1487.289696969697,33,21,35
user_1494,43316.28,1804.845,24,16,291
user_1495,19397.76,808.2399999999999,24,15,634
user_1496,16045.64,729.3472727272728,22,13,762
user_1497,55777.85,1549.384722222222,36,17,731
user_1498,34358.69,1041.1724242424243,33,18,524
user_1499,38773.27,2280.780588235294,17,11,205
user_15,34809.74,1200.3358620689655,29,18,249
user_150,39459.18,1517.6607692307693,26,13,239
user_1500,67369.75,1684.24375,40,19,571
user_1501,49577.78,1770.635,28,16,882
user_1502,34153.43,1264.9418518518519,27,16,403
user_1503,46933.979999999996,1380.411176470588,34,20,746
user_1504,20923.73,1101.248947368421,19,12,460
user_1505,45485.090000000004,1749.4265384615387,26,15,98
user_1506,31507.61,1432.1640909090909,22,12,204
user_1507,23536.78,905.2607692307691,26,15,344
user_1508,31946.370000000003,1681.3878947368423,19,14,327
user_1509,31626.91,1265.0764,25,16,236
user_151,35230.73,1100.9603125,32,19,522
user_1510,26585.64,1399.2442105263158,19,14,174
user_1511,32482.64,1546.7923809523809,21,11,352
user_1512,32970.16,1433.4852173913046,23,15,315
user_1513,18714.989999999998,1247.666,15,13,192
user_1514,31014.06,1348.4373913043478,23,17,682
user_1515,57494.54,1796.704375,32,16,593
user_1516,31266.079999999998,1563.3039999999999,20,11,301
user_1517,36209.74,1645.8972727272726,22,15,783
user_1518,31088.04,1351.6539130434783,23,17,881
user_1519,47664.63,1986.02625,24,11,665
user_152,34035.01,1361.4004,25,17,741
user_1520,32871.88,1217.477037037037,27,16,847
user_1521,33799.22,1408.3008333333335,24,15,680
user_1522,52100.87,1578.8142424242426,33,16,356
user_1523,21774.46,1146.0242105263158,19,13,767
user_1524,31069.02,1194.9623076923076,26,16,526
user_1525,39046.61,1183.230606060606,33,19,853
user_1526,41563.409999999996,1385.447,30,17,236
user_1527,30068.239999999998,1073.8657142857141,28,15,686
user_1528,28066.36,1169.4316666666666,24,16,752
user_1529,53393.83,1977.5492592592593,27,17,781
user_153,37305.05,1554.3770833333335,24,16,218
user_1530,27878.33,1327.5395238095239,21,12,474
user_1531,43859.91,1754.3964,25,18,453
user_1532,62574.27,2234.795357142857,28,18,831
user_1533,36390.07,1173.8732258064515,31,16,277
user_1534,43651.79,1818.8245833333333,24,19,645
user_1535,33388.67,1451.681304347826,23,15,805
user_1536,48273.62,1724.0578571428573,28,20,540
user_1537,26721.030000000002,1336.0515,20,14,836
user_1538,39603.950000000004,1800.1795454545456,22,14,483
user_1539,25074.37,1567.148125,16,8,607
user_154,10269.18,446.4860869565218,23,17,509
user_1540,59438.520000000004,1801.1672727272728,33,18,850
user_1541,33440.65,1153.1258620689655,29,17,180
user_1542,20795.26,1039.763,20,13,653
user_1543,46478.33,1721.4196296296298,27,16,726
user_1544,34548.13,2467.723571428571,14,12,229
user_1545,39850.090000000004,1475.9292592592594,27,15,632
user_1546,28827.15,1441.3575,20,12,890
user_1547,26665.16,1159.3547826086956,23,13,209
user_1548,22200.09,1110.0045,20,14,308
user_1549,35360.43,1537.41,23,15,744
user_155,17724.2,1042.6000000000001,17,10,442
user_1550,35684.12,1699.2438095238097,21,12,607
user_1551,32893.94,1430.1713043478262,23,15,563
user_1552,20034.84,1178.52,17,11,121
user_1553,22232.18,966.6165217391305,23,16,616
user_1554,31881.489999999998,1449.1586363636363,22,15,815
user_1555,40976.64,1707.36,24,18,518
user_1556,37138.05,1428.3865384615385,26,15,587
user_1557,41127.23,1713.6345833333335,24,14,537
user_1558,29492.28,1179.6912,25,17,336
user_1559,34149.4,1707.47,20,12,657
user_156,39123.78,1778.3536363636363,22,13,893
user_1560,47146.24,2245.0590476190473,21,15,118
user_1561,29487.629999999997,1340.346818181818,22,16,773
user_1562,35107.05,1300.2611111111112,27,14,63
user_1563,53052.21,1711.3616129032257,31,18,220
user_1564,25431.79,1017.2716,25,17,300
user_1565,55066.85,1835.5616666666667,30,16,292
user_1566,51809.39,1850.3353571428572,28,17,506
user_1567,46125.24,1845.0095999999999,25,17,219
user_1568,48608.02,1519.000625,32,18,128
user_1569,44954.36,1954.537391304348,23,17,186
user_157,28318.5,1665.7941176470588,17,14,360
user_1570,44317.67,2014.4395454545454,22,11,763
user_1571,32513.1,1711.215789473684,19,15,541
user_1572,45206.96,1458.2890322580645,31,17,48
user_1573,42694.93,1472.2389655172415,29,18,545
user_1574,47217.159999999996,1430.8230303030302,33,18,568
user_1575,37899.4,1722.7,22,12,561
user_1576,24109.54,1004.5641666666667,24,15,392
user_1577,33655.84,1602.6590476190474,21,12,438
user_1578,26285.68,1251.6990476190476,21,16,892
user_1579,42739.63,1582.9492592592592,27,19,368
user_158,52850.25,1761.675,30,20,712
user_1580,24210.87,1210.5435,20,15,128
user_1581,41861.020000000004,1993.381904761905,21,14,653
user_1582,28027.53,1077.981923076923,26,15,289
user_1583,35936.56,1711.2647619047618,21,14,179
user_1584,70789.33,2145.1312121212122,33,18,716
user_1585,21329.32,1122.5957894736841,19,14,382
user_1586,32948.8,1497.6727272727273,22,14,854
user_1587,45193.85,1738.225,26,19,636
user_1588,16279.15,1085.2766666666666,15,13,503
user_1589,41319.47,1721.6445833333335,24,15,165
user_159,57928.4,1703.7764705882353,34,17,523
user_1590,31629.91,1757.2172222222223,18,14,693
user_1591,49799.88,1556.24625,32,20,868
user_1592,38883.88,1388.7099999999998,28,18,375
user_1593,32743.49,1212.7218518518519,27,16,767
user_1594,35294.29,1307.1959259259258,27,14,264
user_1595,31742.98,1587.149,20,13,411
user_1596,32507.15,1120.9362068965518,29,19,316
user_1597,36985.21,1541.0504166666667,24,14,346
user_1598,48969.88,2040.4116666666666,24,16,691
user_1599,38942.71,1557.7084,25,18,541
user_16,40706.22,1356.874,30,16,493
user_160,51840.1,1570.912121212121,33,20,661
user_1600,14318.14,681.8161904761904,21,14,260
user_1601,24646.67,1540.416875,16,12,771
user_1602,30266.010000000002,1375.7277272727274,22,17,817
user_1603,47411.43,2061.3665217391303,23,15,272
user_1604,30710.47,1535.5235,20,14,782
user_1605,35099.29,1526.0560869565218,23,14,538
user_1606,36814.05,1227.135,30,18,353
user_1607,35808.52,1492.0216666666665,24,14,861
user_1608,23399.45,935.9780000000001,25,16,737
user_1609,28387.67,1182.8195833333332,24,15,768
user_161,38677.27,1487.5873076923076,26,16,226
user_1610,34772.53,1390.9012,25,16,153
user_1611,44726.8,1863.6166666666668,24,15,506
user_1612,32393.280000000002,1799.6266666666668,18,13,471
user_1613,31859.39,1225.361153846154,26,17,247
user_1614,28722.31,1511.7005263157896,19,12,159
user_1615,35551.75,1146.8306451612902,31,17,457
user_1616,50170.5,2090.4375,24,16,204
user_1617,27554.77,1450.251052631579,19,12,820
user_1618,31111.29,1152.27,27,16,737
user_1619,31968.14,1453.0972727272726,22,15,552
user_162,31198.72,1356.4660869565218,23,16,180
user_1620,27747.36,1156.14,24,17,134
user_1621,22438.78,1180.9884210526316,19,12,780
user_1622,29595.17,1409.2938095238094,21,15,404
user_1623,45999.08,1703.6696296296298,27,17,716
user_1624,48042.89,1601.4296666666667,30,18,338
user_1625,34724.11,1446.8379166666666,24,16,118
user_1626,49202.6,1757.2357142857143,28,16,786
user_1627,18769.079999999998,938.454,20,14,645
user_1628,38236.31,1662.448260869565,23,14,890
user_1629,40428.23,1443.8653571428572,28,17,554
user_163,35912.22,1496.3425,24,11,847
user_1630,30477.9,1904.86875,16,12,212
user_1631,27519.98,1448.42,19,13,570
user_1632,46463.69,1787.065,26,17,639
user_1633,46903.86,1737.18,27,16,430
user_1634,35583.020000000004,1482.6258333333335,24,17,172
user_1635,40176.979999999996,1488.036296296296,27,17,47
user_1636,22501.74,1406.35875,16,11,668
user_1637,36417.29,1300.6175,28,14,803
user_1638,41599.56,1485.6985714285713,28,16,588
user_1639,13413.09,1219.3718181818183,11,8,657
user_164,24987.13,1041.1304166666666,24,17,591
user_1640,47609.35,1400.2749999999999,34,17,64
user_1641,32706.75,1168.0982142857142,28,16,175
user_1642,42984.82,1592.0303703703703,27,20,65
user_1643,40381.6,1346.0533333333333,30,16,254
user_1644,39578.69,1799.0313636363637,22,16,247
user_1645,27197.16,1007.3022222222222,27,18,471
user_1646,28757.04,1106.04,26,19,620
user_1647,41350.45,1292.2015625,32,15,556
user_1648,49103.12,1534.4725,32,14,434
user_1649,35150.28,1528.273043478261,23,13,417
user_165,28529.379999999997,1141.1752,25,15,89
user_1650,26768.55,1163.85,23,15,141
user_1651,32801.95,1093.3983333333333,30,17,100
user_1652,22224.5,1058.3095238095239,21,15,582
user_1653,38176.93,1659.8665217391303,23,15,760
user_1654,35469.82,1418.7928,25,15,299
user_1655,47068.51,1623.0520689655173,29,19,140
user_1656,21360.239999999998,1186.6799999999998,18,12,225
user_1657,34909.61,1126.1164516129033,31,17,68
user_1658,30318.989999999998,1166.115,26,17,223
user_1659,46118.11,1708.078148148148,27,17,739
user_166,32617.64,1482.62,22,14,880
user_1660,25649.940000000002,1025.9976000000001,25,15,230
user_1661,36833.39,2302.086875,16,11,781
user_1662,20408.54,1457.7528571428572,14,10,626
user_1663,37662.78,1711.9445454545455,22,14,683
user_1664,34885.19,1292.0440740740742,27,17,883
user_1665,46029.63,1244.044054054054,37,19,494
user_1666,26954.41,1123.1004166666667,24,15,160
user_1667,34060.56,1419.1899999999998,24,16,329
user_1668,35481.71,1542.6830434782607,23,14,206
user_1669,51395.93,1511.645,34,17,682
user_167,48854.12,1526.69125,32,17,694
user_1670,52202.26,1800.0779310344828,29,17,301
user_1671,43883.1,1994.6863636363635,22,14,59
user_1672,42271.409999999996,1761.30875,24,15,526
user_1673,49234.94,1491.9678787878788,33,17,633
user_1674,55372.4,1845.7466666666667,30,17,244
user_1675,31832.690000000002,1768.482777777778,18,14,861
user_1676,45040.24,1801.6096,25,18,57
user_1677,46236.770000000004,1321.0505714285716,35,20,210
user_1678,14350.37,896.898125,16,11,796
user_1679,22264.88,890.5952000000001,25,16,712
user_168,33644.82,1160.1662068965518,29,17,165
user_1680,57864.65,2143.135185185185,27,14,834
user_1681,43548.19,1741.9276,25,18,426
user_1682,32619.71,1630.9855,20,13,265
user_1683,50561.66,2298.2572727272727,22,16,350
user_1684,32003.46,1230.9023076923077,26,17,822
user_1685,35692.04,1372.7707692307692,26,13,233
user_1686,36863.58,1843.179,20,15,628
user_1687,52038.26,1858.5092857142859,28,15,873
user_1688,64323.59,1738.4754054054054,37,17,591
user_1689,21875.46,1367.21625,16,14,883
user_169,40270.93,1677.9554166666667,24,17,192
user_1690,25515.05,1500.885294117647,17,15,502
user_1691,50837.159999999996,1495.210588235294,34,15,353
user_1692,51461.64,1559.4436363636364,33,18,63
user_1693,45625.08,1689.8177777777778,27,19,433
user_1694,45101.26,1610.7592857142859,28,17,539
user_1695,32801.65,1171.4875,28,19,128
user_1696,39519.729999999996,1580.7892,25,18,259
user_1697,31876.76,1593.838,20,12,151
user_1698,56370.75,1657.9632352941176,34,19,242
user_1699,32596.85,1552.2309523809522,21,17,596
user_17,45703.58,1757.8300000000002,26,14,158
user_170,31642.420000000002,1582.121,20,13,124
user_1700,20967.73,873.6554166666666,24,14,503
user_1701,38447.96,1830.855238095238,21,15,803
user_1702,37844.58,1513.7832,25,18,756
user_1703,67270.52,1868.6255555555556,36,20,616
user_1704,49814.77,1556.7115625,32,19,330
user_1705,24123.82,1148.7533333333333,21,16,682
user_1706,42376.9,2017.9476190476191,21,14,499
user_1707,47152.55,1746.3907407407407,27,17,383
user_1708,36259.9,1450.396,25,17,810
user_1709,54145.65,2005.3944444444444,27,15,462
user_171,38660.82,1288.694,30,18,325
user_1710,26807.47,1276.5461904761905,21,13,506
user_1711,38845.130000000005,1494.0434615384618,26,18,187
user_1712,39863.11,1993.1555,20,14,661
user_1713,21798.010000000002,990.8186363636364,22,15,781
user_1714,43218.08,2160.904,20,15,823
user_1715,29233.300000000003,1827.0812500000002,16,10,692
user_1716,39500.22,1234.381875,32,16,841
user_1717,43881.9,1567.2107142857144,28,18,552
user_1718,21229.33,1061.4665,20,13,396
user_1719,50958.82,1819.9578571428572,28,19,776
user_172,31283.22,1251.3288,25,14,327
user_1720,34064.94,1481.084347826087,23,15,332
user_1721,32642.18,1208.9696296296297,27,18,33
user_1722,56716.25,1532.8716216216217,37,20,612
user_1723,29464.23,1281.0534782608695,23,16,748
user_1724,58534.159999999996,1829.1924999999999,32,14,821
user_1725,48775.68,1875.9876923076922,26,15,335
user_1726,45414.11,1682.0040740740742,27,19,495
user_1727,43049.89,1594.4403703703704,27,17,557
user_1728,31638.45,1438.1113636363636,22,13,897
user_1729,28807.83,993.3734482758621,29,17,886
user_173,34385.2,1432.7166666666665,24,16,711
user_1730,39068.29,1347.1824137931035,29,16,38
user_1731,26525.66,1326.283,20,15,58
user_1732,49105.79,1488.0542424242424,33,20,709
user_1733,20302.97,1068.5773684210526,19,15,617
user_1734,29429.57,1548.9247368421052,19,15,410
user_1735,25547.22,1277.361,20,16,700
user_1736,31447.739999999998,1367.2930434782609,23,13,793
user_1737,39248.37,1453.6433333333334,27,15,735
user_1738,29121.73,1120.0665384615384,26,15,506
user_1739,29765.620000000003,1417.4104761904764,21,15,448
user_174,39199.06,1633.2941666666666,24,14,749
user_1740,32401.99,1350.0829166666667,24,15,151
user_1741,38378.77,1421.4359259259259,27,17,568
user_1742,47733.72,1591.124,30,15,358
user_1743,22977.02,1094.1438095238095,21,11,611
user_1744,29867.3,1571.9631578947367,19,15,290
user_1745,32137.579999999998,1460.7990909090909,22,13,808
user_1746,41256.64,1650.2656,25,15,81
user_1747,56220.63,1938.6424137931033,29,18,836
user_1748,35100.22,1404.0088,25,14,587
user_1749,34076.96,1363.0783999999999,25,19,659
user_175,41362.33,1590.8588461538461,26,13,826
user_1750,23023.34,1046.5154545454545,22,14,481
user_1751,27312.79,1517.3772222222224,18,11,161
user_1752,48119.53,1718.5546428571429,28,17,148
user_1753,41500.43,1482.1582142857144,28,17,509
user_1754,34188.96,1628.0457142857142,21,13,615
user_1755,38707.93,1612.8304166666667,24,16,526
user_1756,30294.55,1122.0203703703703,27,15,371
user_1757,48336.979999999996,1790.2585185185183,27,17,633
user_1758,24537.170000000002,1022.3820833333334,24,16,561
user_1759,58252.16,1879.101935483871,31,19,474
user_176,49418.58,1453.4876470588235,34,18,549
user_1760,45447.72,1336.6976470588236,34,18,679
user_1761,33655.799999999996,1602.6571428571426,21,14,377
user_1762,20454.94,1363.6626666666666,15,10,479
user_1763,35199.02,1353.8084615384614,26,17,158
user_1764,31588.54,1579.4270000000001,20,15,471
user_1765,41796.1,1229.2970588235294,34,18,734
user_1766,44395.37,1345.3142424242426,33,21,315
user_1767,34656.54,1386.2616,25,15,609
user_1768,39643.88,1585.7551999999998,25,16,292
user_1769,24448.059999999998,873.1449999999999,28,19,606
user_177,33236.19,1582.6757142857143,21,13,495
user_1770,26088.42,1134.2791304347825,23,14,433
user_1771,56447.5,1820.8870967741937,31,16,309
user_1772,32595.079999999998,1715.5305263157893,19,13,221
user_1773,35250.61,1305.578148148148,27,19,772
user_1774,19544.09,1503.3915384615384,13,10,386
user_1775,31022.66,1410.120909090909,22,15,651
user_1776,38918.4,1216.2,32,20,120
user_1777,31079.9,1412.7227272727273,22,13,813
user_1778,37593.04,1392.3348148148148,27,17,795
user_1779,32716.399999999998,1363.1833333333332,24,15,708
user_178,32105.010000000002,1459.3186363636364,22,15,356
user_1780,40663.26,1767.9678260869566,23,13,30
user_1781,31739.37,1220.745,26,16,466
user_1782,29923.230000000003,1196.9292,25,16,616
user_1783,33038.74,1738.8810526315788,19,16,569
user_1784,23998.44,1199.922,20,14,767
user_1785,28957.57,965.2523333333334,30,17,75
user_1786,43221.52,2274.816842105263,19,12,678
user_1787,26912.89,1076.5156,25,15,590
user_1788,22708.55,873.4057692307692,26,18,688
user_1789,30089.64,1367.7109090909091,22,16,464
user_179,44212.68,1637.5066666666667,27,16,619
user_1790,22541.74,1408.85875,16,12,352
user_1791,46535.5,2115.25,22,12,785
user_1792,24765.92,1125.7236363636364,22,16,725
user_1793,46818.48,1672.0885714285716,28,18,65
user_1794,33688.23,1464.7056521739132,23,14,339
user_1795,50243.32,2093.471666666667,24,16,775
user_1796,49971.32,2379.5866666666666,21,16,834
user_1797,36910.22,1367.0451851851851,27,17,281
user_1798,28473.420000000002,1355.8771428571429,21,15,860
user_1799,42702.28,1525.0814285714284,28,17,361
user_18,31835.309999999998,1447.0595454545453,22,12,440
user_180,23835.14,1402.0670588235294,17,13,458
user_1800,72718.78,2423.9593333333332,30,20,147
user_1801,51442.71,1773.886551724138,29,17,243
user_1802,32755.61,1488.8913636363636,22,13,532
user_1803,45350.79,1971.7734782608695,23,12,407
user_1804,46383.88,1496.254193548387,31,17,202
user_1805,30576.89,1528.8445,20,13,430
user_1806,28828.629999999997,1695.8017647058823,17,14,443
user_1807,27622.63,1255.574090909091,22,16,822
user_1808,37464.23,1971.8015789473686,19,14,590
user_1809,50368.74,1865.5088888888888,27,16,557
user_181,33107.12,1379.4633333333334,24,15,472
user_1810,30006.0,1034.6896551724137,29,17,713
user_1811,28514.56,1425.728,20,14,261
user_1812,21194.58,1009.2657142857144,21,15,639
user_1813,40716.520000000004,1850.7509090909093,22,16,237
user_1814,40125.15,1605.006,25,19,654
user_1815,30253.3,1210.132,25,17,387
user_1816,51624.97,2151.0404166666667,24,16,154
user_1817,34988.38,1345.706923076923,26,15,155
user_1818,35396.24,1685.535238095238,21,13,107
user_1819,16525.63,972.0958823529412,17,13,203
user_182,36151.770000000004,1506.3237500000002,24,15,814
user_1820,30278.65,1682.1472222222224,18,12,856
user_1821,34642.95,1443.45625,24,14,834
user_1822,28414.13,1136.5652,25,15,336
user_1823,30879.420000000002,1403.6100000000001,22,14,171
user_1824,28793.39,1251.8865217391303,23,15,486
user_1825,26516.39,1104.8495833333334,24,15,404
user_1826,33615.78,1344.6312,25,15,858
user_1827,49472.6,2248.754545454545,22,14,884
user_1828,37954.1,1265.1366666666665,30,19,696
user_1829,52920.11,1890.0039285714286,28,15,175
user_183,44667.31,1717.9734615384614,26,13,859
user_1830,39903.87,1287.2216129032258,31,18,676
user_1831,38952.15,2291.3029411764705,17,13,347
user_1832,34705.51,1508.9352173913044,23,14,707
user_1833,29227.94,1043.855,28,17,282
user_1834,49010.770000000004,1960.4308,25,17,372
user_1835,24448.739999999998,1062.9886956521739,23,17,88
user_1836,31328.52,1204.943076923077,26,19,288
user_1837,34876.4,1453.1833333333334,24,16,681
user_1838,33535.42,1458.0617391304347,23,16,426
user_1839,49420.24,1765.0085714285713,28,16,296
user_184,34069.07,1310.3488461538461,26,17,525
user_1840,20299.170000000002,1014.9585000000001,20,14,210
user_1841,30092.03,1003.0676666666666,30,19,769
user_1842,33327.59,1754.0836842105261,19,15,722
user_1843,43720.96,1821.7066666666667,24,15,166
user_1844,38364.29,1278.8096666666668,30,16,355
user_1845,28072.86,935.7620000000001,30,19,895
user_1846,25882.62,1232.5057142857142,21,15,100
user_1847,29561.98,1182.4792,25,16,463
user_1848,29793.22,1489.661,20,15,655
user_1849,53131.76,1897.5628571428572,28,16,839
user_185,41596.91,1980.8052380952383,21,14,667
user_1850,36361.67,1580.9421739130435,23,17,433
user_1851,43000.81,1869.6004347826085,23,15,81
user_1852,36012.71,1500.5295833333332,24,13,157
user_1853,28985.86,1317.5390909090909,22,15,821
user_1854,52244.78,1583.1751515151516,33,19,557
user_1855,42327.9,1763.6625000000001,24,14,848
user_1856,18538.11,1324.1507142857142,14,12,109
user_1857,61673.32,2126.6662068965516,29,15,466
user_1858,48368.29,1511.5090625,32,16,326
user_1859,19320.329999999998,920.0157142857142,21,14,222
user_186,28299.66,1347.6028571428571,21,16,673
user_1860,25799.36,1289.968,20,14,119
user_1861,47646.45,1905.858,25,17,429
user_1862,26022.64,1369.6126315789472,19,15,791
user_1863,34143.55,1551.9795454545456,22,15,869
user_1864,49228.68,1491.7781818181818,33,17,286
user_1865,37906.0,1579.4166666666667,24,16,398
user_1866,25224.920000000002,1576.5575000000001,16,13,611
user_1867,59901.72,1996.724,30,20,122
user_1868,26182.18,1090.9241666666667,24,16,308
user_1869,62605.78,1739.0494444444444,36,19,605
user_187,61327.76,1858.4169696969698,33,20,269
user_1870,27036.67,1175.5073913043477,23,13,478
user_1871,42998.68,1535.6671428571428,28,16,889
user_1872,29663.22,1483.161,20,14,382
user_1873,42046.909999999996,1449.8934482758618,29,17,715
user_1874,38401.46,1600.0608333333332,24,18,55
user_1875,24217.66,1513.60375,16,12,462
user_1876,31974.99,1522.6185714285716,21,14,41
user_1877,28178.51,1043.6485185185184,27,16,735
user_1878,31950.370000000003,1389.1465217391305,23,16,197
user_1879,37576.56,1633.7634782608695,23,14,261
user_188,31064.23,1294.3429166666667,24,17,592
user_1880,43841.02,1511.7593103448276,29,14,337
user_1881,37812.88,1454.3415384615384,26,16,197
user_1882,37028.6,1851.4299999999998,20,13,268
user_1883,46619.9,1864.796,25,16,795
user_1884,33888.05,1613.7166666666667,21,15,787
user_1885,41386.08,1478.0742857142857,28,18,866
user_1886,30143.46,941.983125,32,18,827
user_1887,34823.020000000004,1392.9208,25,18,732
user_1888,60440.09,1777.649705882353,34,18,682
user_1889,40318.86,1185.8488235294117,34,18,334
user_189,39774.4,1590.976,25,18,606
user_1890,40860.01,1571.5388461538462,26,18,883
user_1891,48085.04,1923.4016000000001,25,17,466
user_1892,37695.66,1884.7830000000001,20,13,235
user_1893,29069.26,1263.8808695652174,23,13,778
user_1894,37402.369999999995,1781.0652380952379,21,14,810
user_1895,25957.850000000002,1297.8925000000002,20,13,493
user_1896,17268.69,1079.293125,16,10,38
user_1897,27313.57,1241.5259090909092,22,14,616
user_1898,55857.21,1551.5891666666666,36,17,698
user_1899,38209.14,1592.0475,24,17,332
user_19,53023.020000000004,1395.3426315789475,38,19,522
user_190,31460.62,1430.0281818181818,22,15,474
user_1900,28726.45,1196.9354166666667,24,12,864
user_1901,33933.229999999996,1256.786296296296,27,19,75
user_1902,29881.23,1572.6963157894736,19,12,507
user_1903,30340.87,1784.7570588235294,17,11,411
user_1904,28295.77,1230.2508695652175,23,13,554
user_1905,47950.92,1775.96,27,17,106
user_1906,21579.85,980.9022727272727,22,16,365
user_1907,38942.840000000004,1216.9637500000001,32,21,131
user_1908,23825.19,1191.2595,20,15,381
user_1909,30873.36,1342.32,23,15,282
user_191,37958.67,1807.5557142857142,21,15,775
user_1910,52544.89,2020.9573076923077,26,17,663
user_1911,58173.58,1939.1193333333333,30,23,486
user_1912,41732.02,1814.435652173913,23,14,317
user_1913,27854.170000000002,1326.3890476190477,21,13,269
user_1914,42673.54,1293.1375757575759,33,20,721
user_1915,45785.770000000004,1635.2060714285715,28,16,95
user_1916,25610.97,1280.5485,20,11,604
user_1917,32448.4,1201.7925925925927,27,15,520
user_1918,36457.3,1519.0541666666668,24,17,239
user_1919,38534.020000000004,1482.0776923076924,26,18,626
user_192,43499.479999999996,1611.0918518518517,27,13,162
user_1920,41915.94,1822.4321739130435,23,13,170
user_1921,40112.81,1671.3670833333333,24,13,660
user_1922,35001.95,1346.228846153846,26,17,830
user_1923,38322.28,1368.652857142857,28,15,881
user_1924,21879.98,1367.49875,16,13,436
user_1925,42319.49,1365.1448387096773,31,18,800
user_1926,54835.270000000004,1661.6748484848486,33,17,275
user_1927,32062.11,1187.4855555555555,27,18,819
user_1928,47902.380000000005,1545.2380645161293,31,18,695
user_1929,20666.34,1033.317,20,16,695
user_193,39877.86,1533.763846153846,26,15,41
user_1930,33228.86,1444.733043478261,23,17,398
user_1931,31321.379999999997,1648.4936842105262,19,15,253
user_1932,46885.78,1953.5741666666665,24,15,326
user_1933,53116.92,1967.2933333333333,27,15,813
user_1934,40892.4,1168.3542857142857,35,20,101
user_1935,72658.81,2343.832580645161,31,16,858
user_1936,46398.93,1406.0281818181818,33,17,219
user_1937,31509.3,1432.240909090909,22,14,625
user_1938,35060.979999999996,1252.177857142857,28,16,603
user_1939,46982.090000000004,1515.5512903225808,31,15,85
user_194,41498.12,1804.2660869565218,23,13,31
user_1940,38112.03,1657.0447826086956,23,15,654
user_1941,41350.66,1476.8092857142858,28,17,467
user_1942,58240.1,2008.2793103448275,29,15,222
user_1943,38123.89,1361.5674999999999,28,14,867
user_1944,32009.399999999998,1231.1307692307691,26,14,862
user_1945,39074.39,1502.861153846154,26,14,670
user_1946,48086.85,1414.3191176470589,34,18,173
user_1947,22222.34,1058.2066666666667,21,16,128
user_1948,34769.37,1829.9668421052634,19,15,805
user_1949,43367.04,1606.1866666666667,27,17,751
user_195,37416.26,1496.6504,25,16,471
user_1950,34275.71,1632.1766666666667,21,12,253
user_1951,36979.12,2175.2423529411767,17,11,313
user_1952,47432.71,1694.025357142857,28,14,693
user_1953,35176.5,1465.6875,24,14,797
user_1954,48465.88,2107.2121739130434,23,15,631
user_1955,43393.74,1496.3358620689655,29,16,322
user_1956,33597.78,1527.171818181818,22,14,764
user_1957,42333.23,1763.8845833333335,24,12,667
user_1958,37079.4,1951.5473684210526,19,16,99
user_1959,20418.23,1201.0723529411764,17,12,705
user_196,46189.02,1592.7248275862069,29,18,288
user_1960,30617.37,1530.8685,20,13,619
user_1961,45722.78,1385.5387878787878,33,21,853
user_1962,37103.15,1279.4189655172415,29,17,720
user_1963,44561.55,1591.4839285714286,28,16,670
user_1964,36448.86,1735.66,21,15,608
user_1965,39431.54,1877.692380952381,21,13,463
user_1966,20660.04,983.8114285714286,21,15,486
user_1967,31491.39,1431.4268181818181,22,13,515
user_1968,35045.1,1251.6107142857143,28,17,590
user_1969,25657.7,1166.259090909091,22,13,305
user_197,57460.12,2210.0046153846156,26,15,156
user_1970,24498.07,1289.372105263158,19,12,523
user_1971,28097.61,1221.6352173913044,23,14,681
user_1972,51544.28,1288.607,40,21,510
user_1973,35224.29,1531.4908695652175,23,18,258
user_1974,34046.36,1309.4753846153847,26,19,497
user_1975,31193.81,1299.7420833333333,24,15,118
user_1976,25431.33,1271.5665000000001,20,16,93
user_1977,42519.04,1771.6266666666668,24,14,418
user_1978,30165.53,1160.2126923076924,26,16,420
user_1979,54470.82,1602.0829411764705,34,16,228
user_198,30647.32,1459.3961904761904,21,17,97
user_1980,39683.64,1417.2728571428572,28,19,795
user_1981,19727.58,857.7208695652174,23,15,784
user_1982,30318.5,1318.195652173913,23,15,239
user_1983,39738.9,1727.7782608695652,23,13,114
user_1984,38851.32,1494.2815384615385,26,14,335
user_1985,26425.05,1057.002,25,16,801
user_1986,40471.14,1759.6147826086956,23,16,455
user_1987,40625.42,1562.5161538461539,26,15,760
user_1988,37682.21,1395.6374074074074,27,15,377
user_1989,36083.2,1503.4666666666665,24,15,638
user_199,35517.71,1973.206111111111,18,10,579
user_1990,49169.39,1328.9024324324323,37,19,298
user_1991,38747.59,1614.4829166666666,24,15,101
user_1992,43309.86,1443.662,30,16,487
user_1993,44255.78,1843.9908333333333,24,15,668
user_1994,48188.59,1505.8934375,32,19,405
user_1995,36912.11,1677.8231818181819,22,17,533
user_1996,50992.51,1644.919677419355,31,19,156
user_1997,59162.21,1908.4583870967742,31,19,524
user_1998,35259.68,1679.032380952381,21,13,60
user_1999,41098.81,1643.9524,25,16,365
user_2,57801.63,1806.3009375,32,20,854
user_20,52607.659999999996,1594.171515151515,33,21,691
user_200,38121.409999999996,1314.5313793103446,29,18,884
user_201,22899.06,848.1133333333333,27,16,456
user_202,29748.91,1239.5379166666667,24,16,492
user_203,39643.22,1801.9645454545455,22,12,61
user_204,39679.49,1526.1342307692307,26,13,472
user_205,46144.33,1648.0117857142857,28,16,279
user_206,41917.4,1309.91875,32,20,427
user_207,46977.340000000004,2135.3336363636367,22,17,886
user_208,34732.35,1389.2939999999999,25,16,187
user_209,34624.3,1384.9720000000002,25,14,704
user_21,30805.45,1184.825,26,15,835
user_210,24479.76,1631.984,15,11,104
user_211,50874.64,1641.1174193548386,31,19,108
user_212,41710.1,1544.8185185185184,27,15,603
user_213,46092.64,1440.395,32,16,352
user_214,44620.96,1593.6057142857142,28,17,224
user_215,46565.37,1455.1678125,32,18,896
user_216,32069.47,1105.8437931034482,29,15,691
user_217,24120.73,1206.0365,20,14,755
user_218,54416.68,1813.8893333333333,30,17,222
user_219,38920.159999999996,1621.6733333333332,24,16,459
user_22,38495.37,1603.97375,24,17,587
user_220,42464.98,1516.6064285714288,28,19,259
user_221,31351.27,1254.0508,25,12,481
user_222,39720.47,1986.0235,20,13,674
user_223,38304.090000000004,2394.0056250000002,16,12,266
user_224,41710.96,1737.9566666666667,24,16,768
user_225,58185.07,1939.5023333333334,30,19,195
user_226,48421.1,1614.0366666666666,30,14,344
user_227,27512.8,1196.208695652174,23,14,139
user_228,42758.26,1187.7294444444444,36,15,863
user_229,35348.07,1963.7816666666668,18,13,745
user_23,27311.62,1365.581,20,13,100
user_230,17985.98,1199.0653333333332,15,9,251
user_231,49815.659999999996,1606.9567741935482,31,19,497
user_232,41194.2,1647.7679999999998,25,18,157
user_233,27739.24,1631.72,17,13,39
user_234,45214.35,1808.5739999999998,25,14,888
user_235,38620.58,1430.391851851852,27,19,647
user_236,38419.33,1600.8054166666668,24,15,351
user_237,31019.21,1723.2894444444444,18,14,542
user_238,32695.48,1307.8192,25,16,197
user_239,28883.98,1699.0576470588235,17,10,42
user_24,58192.9,1877.1903225806452,31,17,287
user_240,44452.94,1481.7646666666667,30,19,385
user_241,35628.39,1370.3226923076923,26,18,727
user_242,38056.17,1654.6160869565217,23,15,174
user_243,51474.99,1715.8329999999999,30,13,205
user_244,31144.420000000002,1354.1052173913044,23,16,658
user_245,29504.14,1180.1656,25,16,622
user_246,34434.43,1565.2013636363636,22,16,157
user_247,27472.25,1248.7386363636363,22,15,402
user_248,47229.93,1749.2566666666667,27,19,260
user_249,42379.5,1695.18,25,15,223
user_25,41639.69,1734.9870833333334,24,17,96
user_250,15783.35,1127.382142857143,14,11,559
user_251,43993.409999999996,1571.1932142857142,28,17,345
user_252,54788.05,1660.2439393939394,33,19,230
user_253,52082.94,1446.7483333333334,36,19,170
user_254,77835.11,1810.1188372093022,43,20,469
user_255,53083.08,2654.154,20,13,837
user_256,45543.69,1686.8033333333335,27,16,880
user_257,29348.18,1726.3635294117648,17,12,308
user_258,40044.45,1906.8785714285714,21,14,475
user_259,39127.64,1449.171851851852,27,15,480
user_26,49389.33,1975.5732,25,18,152
user_260,46136.75,2005.945652173913,23,14,61
user_261,40333.05,1833.3204545454546,22,14,473
user_262,27835.670000000002,1637.3923529411766,17,14,73
user_263,50532.54,2197.066956521739,23,16,218
user_264,46763.01,1948.45875,24,16,119
user_265,37109.62,1613.4617391304348,23,16,352
user_266,42564.65,1773.5270833333334,24,17,555
user_267,24337.6,1280.9263157894736,19,13,608
user_268,38818.91,1252.2229032258065,31,20,642
user_269,31260.09,1250.4036,25,15,684
user_27,38558.24,1428.082962962963,27,18,318
user_270,50059.81,1787.850357142857,28,17,179
user_271,30932.28,1288.845,24,15,612
user_272,23475.48,1173.774,20,12,256
user_273,39797.71,1372.3348275862068,29,17,123
user_274,44688.93,1314.380294117647,34,21,160
user_275,39321.66,1787.348181818182,22,16,43
user_276,24508.18,1441.6576470588236,17,11,353
user_277,39830.78,1531.9530769230769,26,16,872
user_278,53287.73,1776.2576666666669,30,19,226
user_279,28040.17,1274.5531818181817,22,15,276
user_28,33130.2,1274.2384615384615,26,18,113
user_280,33779.92,1407.4966666666667,24,15,736
user_281,37128.52,1856.426,20,13,320
user_282,44329.880000000005,1641.8474074074077,27,17,127
user_283,35596.49,1148.273870967742,31,15,868
user_284,25569.41,1278.4705,20,12,638
user_285,11329.69,755.3126666666667,15,13,38
user_286,41286.85,1423.6844827586206,29,19,595
user_287,20321.690000000002,1128.982777777778,18,13,246
user_288,34631.23,1194.1803448275864,29,20,613
user_289,24127.420000000002,927.9776923076923,26,17,235
user_29,48389.72,2016.2383333333335,24,15,833
user_290,34377.91,1273.255925925926,27,17,341
user_291,28250.219999999998,1130.0087999999998,25,15,849
user_292,31525.13,1501.1966666666667,21,13,874
user_293,55137.96,1490.2151351351351,37,19,880
user_294,52037.38,1626.168125,32,19,388
user_295,30108.940000000002,1158.0361538461539,26,17,43
user_296,37970.97,1518.8388,25,16,754
user_297,28495.510000000002,1295.2504545454547,22,15,317
user_298,33189.82,1443.035652173913,23,16,887
user_299,45875.85,1764.4557692307692,26,17,128
user_3,55538.03,1682.970606060606,33,19,315
user_30,50367.77,1526.2960606060606,33,20,269
user_300,33289.46,1664.473,20,16,202
user_301,47418.83,1580.6276666666668,30,18,390
user_302,30761.66,1619.0347368421053,19,13,243
user_303,32056.92,1526.52,21,14,725
user_304,44424.75,1346.2045454545455,33,20,441
user_305,48814.44,1479.2254545454546,33,18,331
user_306,20304.11,1015.2055,20,14,218
user_307,41982.11,1908.2777272727274,22,13,139
user_308,44612.65,1439.117741935484,31,19,153
user_309,35428.21,1362.6234615384615,26,15,415
user_31,40772.28,1456.152857142857,28,18,634
user_310,28112.22,1561.79,18,14,528
user_311,22688.27,1031.285,22,12,144
user_312,39713.61,1527.4465384615385,26,17,222
user_313,44709.89,1490.3296666666668,30,18,476
user_314,41765.6,1546.874074074074,27,16,876
user_315,53588.71,1576.1385294117647,34,18,548
user_316,54544.35,1704.5109375,32,17,367
user_317,41526.23,1297.6946875,32,16,30
user_318,35599.37,1695.2080952380954,21,15,586
user_319,42770.0,1474.8275862068965,29,15,310
user_32,29414.24,1470.712,20,13,855
user_320,33589.14,1244.042222222222,27,17,280
user_321,60638.58,1956.0832258064518,31,15,211
user_322,50418.53,1680.6176666666665,30,17,491
user_323,49271.45,1895.055769230769,26,17,676
user_324,40347.32,1440.9757142857143,28,17,181
user_325,39716.81,1369.5451724137931,29,17,83
user_326,37421.17,1496.8468,25,14,189
user_327,46572.31,1791.2426923076923,26,17,320
user_328,34697.79,1734.8895,20,15,309
user_329,26807.94,1072.3175999999999,25,18,49
user_33,39709.79,1470.732962962963,27,19,700
user_330,33952.59,1212.5925,28,16,226
user_331,42634.54,2131.727,20,15,735
user_332,22640.94,1029.1336363636362,22,14,95
user_333,51147.520000000004,1826.697142857143,28,20,755
user_334,29559.08,1136.8876923076923,26,17,359
user_335,40367.0,1755.0869565217392,23,15,869
user_336,37638.33,1505.5332,25,14,540
user_337,39448.42,2076.2326315789473,19,11,667
user_338,44112.7,1838.0291666666665,24,15,310
user_339,46255.54,1595.018620689655,29,17,880
user_34,42642.76,1776.7816666666668,24,15,79
user_340,40980.65,1170.8757142857144,35,20,777
user_341,37067.3,1372.8629629629631,27,16,318
user_342,24798.93,991.9572000000001,25,17,41
user_343,38820.18,1687.8339130434783,23,17,766
user_344,39958.21,1902.7719047619048,21,15,881
user_345,18163.55,1068.4441176470589,17,10,523
user_346,30165.9,1371.1772727272728,22,14,862
user_347,42293.86,1762.2441666666666,24,14,60
user_348,20444.77,1022.2385,20,17,517
user_349,37378.63,1868.9315,20,14,448
user_35,53585.99,1728.580322580645,31,18,474
user_350,44352.0,1232.0,36,17,124
user_351,30763.57,1538.1785,20,13,40
user_352,38703.88,1612.6616666666666,24,15,479
user_353,40729.76,1566.529230769231,26,16,899
user_354,34525.23,1327.8934615384617,26,17,173
user_355,46051.15,1771.198076923077,26,15,77
user_356,54065.79,1930.9210714285714,28,17,70
user_357,25732.36,1429.5755555555556,18,14,114
user_358,34116.83,1421.5345833333333,24,15,303
user_359,24146.95,1149.854761904762,21,13,144
user_36,36531.32,1405.0507692307692,26,19,493
user_360,24978.12,1040.7549999999999,24,15,858
user_361,48409.61,1936.3844,25,17,799
user_362,40308.74,1550.3361538461538,26,16,639
user_363,17466.77,1027.4570588235295,17,11,646
user_364,43381.52,1606.7229629629628,27,16,42
user_365,54604.52,1400.1158974358973,39,20,837
user_366,21717.54,944.2408695652174,23,14,857
user_367,19547.9,1028.8368421052633,19,13,756
user_368,50678.82,1583.713125,32,16,656
user_369,31590.78,2106.052,15,11,813
user_37,38523.3,1751.059090909091,22,16,814
user_370,65296.53,2040.5165625,32,18,666
user_371,46396.5,2017.2391304347825,23,17,823
user_372,31246.170000000002,1735.8983333333335,18,12,699
user_373,24760.42,1375.5788888888887,18,12,506
user_374,27148.1,1596.9470588235292,17,15,44
user_375,34999.700000000004,1842.0894736842108,19,14,262
user_376,21907.86,952.515652173913,23,16,171
user_377,37682.22,1299.3868965517242,29,17,473
user_378,47923.28,1996.8033333333333,24,14,564
user_379,18047.9,1203.1933333333334,15,12,100
user_38,38561.82,1329.7179310344827,29,15,828
user_380,30660.8,1703.3777777777777,18,12,785
user_381,29952.52,1069.7328571428573,28,19,460
user_382,27863.78,1326.8466666666666,21,11,745
user_383,32328.71,1243.4119230769231,26,18,301
user_384,30265.16,1513.258,20,13,213
user_385,47149.009999999995,1885.9603999999997,25,15,545
user_386,30479.07,1325.1769565217392,23,16,458
user_387,35382.02,1474.2508333333333,24,18,545
user_388,26322.2,1316.1100000000001,20,16,349
user_389,40138.39,1672.4329166666666,24,15,194
user_39,32360.100000000002,1797.7833333333335,18,11,172
user_390,16066.72,945.1011764705881,17,15,465
user_391,51420.3,1658.7193548387097,31,18,233
user_392,25889.33,995.7434615384616,26,14,77
user_393,23284.76,1164.2379999999998,20,10,717
user_394,37430.85,1497.234,25,19,168
user_395,55645.9,1589.8828571428571,35,19,890
user_396,18445.52,658.7685714285715,28,16,566
user_397,42728.2,1378.3290322580644,31,20,856
user_398,39186.909999999996,1866.043333333333,21,13,701
user_399,30457.100000000002,1218.284,25,15,524
user_4,29264.170000000002,1721.4217647058824,17,12,318
user_40,24814.17,1033.92375,24,12,869
user_400,60336.67,1547.0941025641025,39,19,899
user_401,51128.95,2222.9978260869566,23,17,886
user_402,36413.01,1213.767,30,19,686
user_403,28306.5,1088.7115384615386,26,15,813
user_404,43910.73,1568.2403571428572,28,16,724
user_405,24904.49,1132.0222727272728,22,19,542
user_406,20714.79,941.5813636363637,22,15,589
user_407,28305.55,1132.222,25,15,540
user_408,45579.5,1424.359375,32,20,406
user_409,31358.71,1081.3348275862068,29,17,246
user_41,41357.31,1378.577,30,19,231
user_410,72468.97,1958.6208108108108,37,20,228
user_411,39244.15,1635.1729166666667,24,18,173
user_412,30135.45,1586.0763157894737,19,13,299
user_413,42465.53,1327.0478125,32,16,328
user_414,34793.88,1449.745,24,17,519
user_415,37224.68,1488.9872,25,15,437
user_416,21330.3,1122.6473684210525,19,15,719
user_417,37425.97,1627.2160869565218,23,14,620
user_418,31583.35,1214.7442307692306,26,20,515
user_419,34929.54,1343.4438461538462,26,16,204
user_42,20098.75,1004.9375,20,14,737
user_420,52529.09,2020.3496153846152,26,15,848
user_421,55745.86,1639.5841176470587,34,20,164
user_422,30133.36,1310.1460869565217,23,17,88
user_423,29645.24,1347.510909090909,22,17,758
user_424,19477.08,973.854,20,13,660
user_425,38224.94,1365.1764285714287,28,13,158
user_426,33795.93,1299.8434615384615,26,16,740
user_427,39787.12,1808.5054545454548,22,14,595
user_428,34737.45,1736.8725,20,15,86
user_429,39302.89,1455.6625925925925,27,15,688
user_43,48237.71,2097.291739130435,23,15,180
user_430,63335.83,1919.2675757575757,33,19,360
user_431,43512.200000000004,1554.007142857143,28,15,128
user_432,52896.45,2115.8579999999997,25,16,189
user_433,50580.48,1532.7418181818182,33,18,564
user_434,34734.61,2170.913125,16,14,228
user_435,28271.45,1487.971052631579,19,14,775
user_436,36222.43,1393.1703846153846,26,14,817
user_437,37378.7,1625.1608695652174,23,16,110
user_438,35275.9,1356.7653846153846,26,16,65
user_439,40688.5,1312.532258064516,31,19,234
user_44,22859.87,1344.6982352941177,17,12,535
user_440,56410.17,2014.6489285714285,28,16,766
user_441,42730.39,1526.0853571428572,28,18,895
user_442,29554.0,1136.6923076923076,26,17,309
user_443,34998.68,1346.103076923077,26,15,584
user_444,29375.94,1398.8542857142857,21,16,107
user_445,28406.489999999998,1495.0784210526315,19,15,560
user_446,46654.17,1295.9491666666665,36,17,628
user_447,23836.579999999998,1191.829,20,14,325
user_448,44158.56,1635.5022222222221,27,19,646
user_449,25144.67,1005.7868,25,16,532
user_45,52234.01,1865.5003571428572,28,18,566
user_450,51723.82,1724.1273333333334,30,17,722
user_451,19799.87,1237.491875,16,12,326
user_452,17701.45,885.0725,20,13,640
user_453,43415.99,1669.845769230769,26,14,899
user_454,35726.13,1984.7849999999999,18,16,274
user_455,52132.33,1861.8689285714286,28,19,386
user_456,45241.270000000004,1560.0437931034485,29,15,260
user_457,38405.98,1422.443703703704,27,16,139
user_458,31043.05,1070.45,29,17,48
user_459,31325.16,1305.215,24,16,498
user_46,59010.79,2458.7829166666666,24,18,515
user_460,44479.84,1308.230588235294,34,19,704
user_461,43189.409999999996,1167.2813513513513,37,20,311
user_462,49637.82,1601.22,31,17,382
user_463,32672.760000000002,1256.6446153846155,26,16,465
user_464,48128.979999999996,1504.0306249999999,32,16,828
user_465,36805.79,1415.6073076923078,26,15,674
user_466,39607.799999999996,1466.9555555555553,27,17,772
user_467,36935.74,1367.9903703703703,27,16,868
user_468,47389.37,1393.805,34,20,273
user_469,20494.76,1280.9225,16,12,71
user_47,33669.08,1772.0568421052633,19,14,727
user_470,27083.23,1504.6238888888888,18,12,592
user_471,17163.26,612.9735714285714,28,17,757
user_472,46503.51,2021.8917391304349,23,16,252
user_473,39107.409999999996,1955.3704999999998,20,12,804
user_474,39877.51,1246.1721875,32,17,74
user_475,41742.41,1605.477307692308,26,17,732
user_476,26309.170000000002,1052.3668,25,16,128
user_477,46484.87,1721.661851851852,27,18,166
user_478,25143.27,1093.185652173913,23,17,390
user_479,41238.56,2061.928,20,15,422
user_48,46687.65,1609.9189655172415,29,14,485
user_480,46033.43,1704.9418518518519,27,18,780
user_481,55333.38,1784.9477419354837,31,19,587
user_482,44532.26,1590.4378571428572,28,15,552
user_483,34625.450000000004,1236.6232142857145,28,13,880
user_484,24139.92,1097.269090909091,22,15,165
user_485,30006.9,1428.9,21,16,788
user_486,51564.19,1983.238076923077,26,17,62
user_487,23496.78,939.8711999999999,25,16,475
user_488,45463.7,1894.3208333333332,24,14,507
user_489,54457.71,1701.8034375,32,19,773
user_49,51207.34,2133.6391666666664,24,17,867
user_490,35749.18,1554.3121739130436,23,16,547
user_491,43327.979999999996,1883.8252173913042,23,16,418
user_492,36796.05,1471.842,25,15,92
user_493,30665.73,1277.73875,24,15,567
user_494,26786.75,1488.1527777777778,18,9,761
user_495,24587.14,1294.06,19,13,796
user_496,31565.93,1214.0742307692308,26,16,566
user_497,47701.67,1590.0556666666666,30,14,139
user_498,54671.3,1822.3766666666668,30,16,483
user_499,32608.46,1164.587857142857,28,18,287
user_5,36382.53,1254.57,29,19,741
user_50,35287.71,1603.986818181818,22,16,653
user_500,29060.06,1320.9118181818183,22,15,528
user_501,39184.58,1306.1526666666666,30,18,737
user_502,32707.91,1308.3164,25,16,327
user_503,54081.46,1423.1963157894736,38,19,405
user_504,29681.35,1349.1522727272727,22,14,495
user_505,29853.239999999998,1105.6755555555555,27,17,727
user_506,22911.2,1347.7176470588236,17,13,341
user_507,38896.32,2047.1747368421052,19,12,342
user_508,38364.08,1370.1457142857143,28,16,622
user_509,59322.41,1603.3083783783784,37,19,641
user_51,48835.21,1808.7114814814815,27,14,627
user_510,49937.15,1280.4397435897436,39,21,266
user_511,31834.6,1384.1130434782608,23,15,54
user_512,27704.920000000002,1458.1536842105263,19,14,538
user_513,37545.47,1294.671379310345,29,18,226
user_514,36484.98,1658.408181818182,22,14,830
user_515,31817.93,1446.2695454545456,22,16,865
user_516,35144.87,1033.6726470588237,34,18,90
user_517,45972.42,1702.6822222222222,27,17,576
user_518,23207.09,1365.1229411764707,17,11,155
user_519,31709.88,1022.8993548387097,31,18,112
user_52,32836.17,1313.4468,25,12,569
user_520,51548.02,1982.6161538461538,26,17,226
user_521,25301.07,1331.6352631578948,19,13,141
user_522,34312.520000000004,1491.848695652174,23,14,402
user_523,29124.86,1164.9944,25,16,603
user_524,34595.49,1820.8152631578946,19,14,405
user_525,46630.47,1727.0544444444445,27,17,61
user_526,42455.55,1768.98125,24,15,193
user_527,27283.12,1186.222608695652,23,15,721
user_528,34190.76,1709.538,20,15,480
user_529,47416.2,1693.435714285714,28,17,263
user_53,50907.89,1885.4774074074073,27,15,602
user_530,46310.98,1543.6993333333335,30,21,592
user_531,30521.02,1173.8853846153847,26,16,805
user_532,39178.9,1567.156,25,17,499
user_533,56510.950000000004,1614.5985714285716,35,17,219
user_534,35009.68,1842.6147368421052,19,14,68
user_535,41462.56,1256.441212121212,33,15,558
user_536,34009.07,1417.0445833333333,24,15,387
user_537,50650.34,1875.9385185185183,27,15,210
user_538,21452.22,1191.79,18,15,825
user_539,28193.11,1342.5290476190476,21,14,161
user_54,32645.329999999998,1360.2220833333333,24,14,685
user_540,49847.98,1311.788947368421,38,19,762
user_541,24067.34,1146.0638095238096,21,14,55
user_542,30162.53,1774.2664705882353,17,13,470
user_543,47845.11,1649.8313793103448,29,19,369
user_544,35910.86,2112.403529411765,17,10,874
user_545,38219.479999999996,1528.7792,25,16,824
user_546,35902.61,1380.8696153846154,26,17,560
user_547,47023.49,1880.9396,25,16,239
user_548,44293.63,1265.5322857142855,35,18,622
user_549,42865.78,1714.6312,25,15,261
user_55,51579.48,1473.6994285714286,35,21,737
user_550,44069.8,2098.5619047619048,21,14,149
user_551,41958.62,1998.0295238095239,21,13,830
user_552,21828.62,1212.701111111111,18,12,445
user_553,42743.12,1583.0785185185186,27,17,396
user_554,29110.47,1386.2128571428573,21,13,115
user_555,18324.78,916.2389999999999,20,16,464
user_556,25789.14,1289.4569999999999,20,14,783
user_557,33344.32,1333.7728,25,18,465
user_558,42387.76,1513.8485714285714,28,18,599
user_559,59309.909999999996,2045.1693103448274,29,18,541
user_56,20683.39,984.9233333333333,21,16,273
user_560,26593.68,1399.6673684210527,19,14,354
user_561,19072.04,1003.7915789473685,19,15,801
user_562,34825.97,1451.0820833333335,24,16,283
user_563,44357.33,1848.2220833333333,24,12,772
user_564,52821.1,1509.1742857142856,35,17,463
user_565,24444.29,1062.7952173913043,23,15,169
user_566,45130.59,1556.2272413793103,29,18,92
user_567,38410.37,2021.5984210526317,19,16,447
user_568,23053.38,1097.78,21,14,87
user_569,44278.96,1383.7175,32,20,312
user_57,47659.7,1643.4379310344827,29,18,491
user_570,54975.93,1773.4170967741936,31,18,215
user_571,27237.71,1008.804074074074,27,17,95
user_572,43184.67,1962.9395454545454,22,14,300
user_573,39144.79,1304.8263333333334,30,18,536
user_574,38425.659999999996,1746.620909090909,22,14,448
user_575,43473.24,1499.0772413793102,29,16,609
user_576,44433.15,1708.9673076923077,26,15,799
user_577,13420.83,1118.4025,12,12,403
user_578,36580.78,1829.039,20,13,467
user_579,35722.55,1275.8053571428572,28,15,400
user_58,43827.89,1328.1178787878787,33,18,240
user_580,28673.49,1061.9811111111112,27,19,289
user_581,50256.58,2010.2632,25,15,188
user_582,54584.71,2274.3629166666665,24,17,318
user_583,38355.65,1598.1520833333334,24,16,707
user_584,38262.49,1319.3962068965516,29,19,277
user_585,46216.8,1777.569230769231,26,16,535
user_586,39178.87,1187.2384848484849,33,18,292
user_587,35225.36,1354.8215384615385,26,15,57
user_588,39147.5,1702.0652173913043,23,13,769
user_589,41313.36,2174.3873684210525,19,13,637
user_59,26225.55,1008.675,26,16,897
user_590,35630.06,1272.5021428571429,28,16,37
user_591,50153.840000000004,1519.8133333333335,33,19,740
user_592,23596.04,1815.0800000000002,13,10,626
user_593,36011.73,1125.3665625,32,15,33
user_594,31038.510000000002,1478.0242857142857,21,15,899
user_595,40502.130000000005,1841.0059090909092,22,15,756
user_596,33236.02,1510.7281818181816,22,16,396
user_597,29619.95,1234.1645833333334,24,15,431
user_598,23038.84,1097.087619047619,21,13,592
user_599,31139.54,1073.7772413793105,29,18,442
user_6,34009.17,1417.04875,24,16,53
user_60,25303.85,1686.9233333333332,15,12,874
user_600,31780.79,1324.1995833333333,24,14,687
user_601,63779.12,1932.700606060606,33,19,668
user_602,34279.03,1371.1612,25,16,326
user_603,31382.72,1307.6133333333335,24,18,76
user_604,35759.12,1324.411851851852,27,15,426
user_605,61524.27,2050.8089999999997,30,17,723
user_606,43837.43,1414.1106451612902,31,18,115
user_607,46936.43,2133.474090909091,22,14,274
user_608,39631.47,1467.8322222222223,27,17,340
user_609,28899.41,1111.5157692307691,26,17,197
user_61,34827.8,1339.5307692307692,26,17,63
user_610,35228.03,1531.6534782608694,23,16,505
user_611,23148.8,1780.676923076923,13,12,784
user_612,16422.739999999998,1026.4212499999999,16,11,524
user_613,43079.41,2153.9705000000004,20,11,883
user_614,39816.08,1659.0033333333333,24,14,481
user_615,40525.03,1761.9578260869564,23,15,165
user_616,49019.9,1400.5685714285714,35,20,499
user_617,34807.19,1338.738076923077,26,14,76
user_618,31989.23,1332.8845833333332,24,13,779
user_619,36734.2,2160.8352941176468,17,12,777
user_62,50941.57,1819.3417857142856,28,14,177
user_620,38520.05,1674.7847826086959,23,16,811
user_621,26029.88,1446.1044444444444,18,12,290
user_622,25055.41,1318.7057894736843,19,15,274
user_623,53212.57,2128.5028,25,14,657
user_624,30398.54,1447.5495238095239,21,13,214
user_625,44136.68,1634.6918518518519,27,16,384
user_626,43498.41,1611.0522222222223,27,17,686
user_627,42774.86,1425.8286666666668,30,19,428
user_628,28860.48,1311.84,22,14,439
user_629,33090.45,1323.618,25,16,239
user_63,24970.67,1135.0304545454544,22,14,567
user_630,23313.25,1371.3676470588234,17,12,189
user_631,38051.88,2002.7305263157893,19,13,844
user_632,37663.48,1394.943703703704,27,18,154
user_633,37660.09,1448.465,26,17,707
user_634,53605.26,1675.164375,32,18,446
user_635,39064.84,1502.493846153846,26,15,772
user_636,33328.44,1281.863076923077,26,17,516
user_637,25405.86,1154.8118181818181,22,15,183
user_638,34396.21,1322.9311538461538,26,18,489
user_639,44118.55,1297.604411764706,34,19,277
user_64,30660.25,1613.6973684210527,19,14,417
user_640,37206.21,1282.9727586206895,29,17,700
user_641,47442.3,1824.7038461538464,26,14,382
user_642,32118.68,1459.94,22,17,237
user_643,21450.7,1128.9842105263158,19,13,784
user_644,13385.070000000002,1029.6207692307694,13,11,849
user_645,30634.100000000002,1331.917391304348,23,15,801
user_646,48524.09,1797.1885185185183,27,17,498
user_647,33463.89,1079.4803225806452,31,16,319
user_648,32134.28,1285.3712,25,19,43
user_649,22143.7,1703.3615384615384,13,9,517
user_65,17681.4,1040.0823529411766,17,12,638
user_650,42769.22,1710.7688,25,16,106
user_651,39176.61,1305.887,30,17,83
user_652,36468.55,1823.4275000000002,20,13,723
user_653,29000.12,1208.3383333333334,24,15,741
user_654,33292.52,1331.7007999999998,25,15,111
user_655,29103.12,1531.743157894737,19,13,779
user_656,43761.34,1823.3891666666666,24,16,337
user_657,39391.57,1458.947037037037,27,18,542
user_658,25073.93,928.664074074074,27,18,165
user_659,63754.63,1517.9673809523808,42,20,182
user_66,44948.62,1248.572777777778,36,22,564
user_660,48011.86,1412.1135294117648,34,19,789
user_661,48622.57,1519.4553125,32,17,601
user_662,35845.14,1280.1835714285714,28,17,411
user_663,46164.46,2098.3845454545453,22,12,371
user_664,60279.03,1883.7196875,32,16,149
user_665,25304.690000000002,1100.2039130434785,23,16,156
user_666,43069.5,1435.65,30,18,269
user_667,42527.94,2025.14,21,17,563
user_668,40419.909999999996,1684.1629166666664,24,14,359
user_669,29405.33,1176.2132000000001,25,16,804
user_67,34282.68,1318.5646153846153,26,15,381
user_670,21962.52,1372.6575,16,12,598
user_671,42271.09,1761.2954166666666,24,14,843
user_672,45577.8,1752.9923076923078,26,13,474
user_673,35372.39,1310.0885185185184,27,17,687
user_674,34967.99,1344.9226923076922,26,18,654
user_675,33207.96,1185.9985714285715,28,18,856
user_676,12553.87,697.4372222222223,18,14,255
user_677,31027.0,1292.7916666666667,24,15,369
user_678,42242.55,1836.6326086956524,23,16,298
user_679,20870.98,1159.4988888888888,18,14,708
user_68,44563.93,2228.1965,20,16,767
user_680,43734.63,1822.27625,24,15,335
user_681,30782.71,1465.8433333333332,21,14,258
user_682,44659.49,1717.6726923076922,26,14,304
user_683,31791.54,1513.8828571428571,21,14,472
user_684,34596.12,1192.969655172414,29,17,269
user_685,35678.17,1621.735,22,12,298
user_686,34934.56,1518.893913043478,23,14,156
user_687,28456.82,1185.7008333333333,24,18,258
user_688,22403.09,1400.193125,16,13,559
user_689,44723.07,1355.2445454545455,33,14,36
user_69,31740.46,1763.358888888889,18,12,601
user_690,44706.11,1719.4657692307692,26,14,289
user_691,31712.89,1378.821304347826,23,17,895
user_692,43135.25,1659.048076923077,26,17,799
user_693,21413.31,1070.6655,20,13,585
user_694,53351.67,1905.4167857142857,28,18,815
user_695,51805.78,1671.154193548387,31,17,112
user_696,35670.25,1698.5833333333333,21,12,341
user_697,44565.630000000005,1392.6759375000001,32,19,363
user_698,53088.37,1561.4226470588237,34,19,87
user_699,43160.81,1488.3037931034482,29,19,631
user_7,42916.89,1650.6496153846153,26,15,523
user_70,36881.67,1229.389,30,18,316
user_700,37648.75,1711.3068181818182,22,13,349
user_701,36758.95,1361.4425925925925,27,14,387
user_702,43260.2,2163.0099999999998,20,12,141
user_703,50134.31,1790.5110714285713,28,16,259
user_704,30252.05,1375.0931818181818,22,14,145
user_705,43695.33,1820.63875,24,16,430
user_706,53369.56,1721.5987096774193,31,18,152
user_707,35585.04,1368.6553846153847,26,17,504
user_708,28422.6,1136.904,25,17,628
user_709,38383.89,1476.3034615384615,26,16,300
user_71,50211.79,1434.6225714285715,35,17,98
user_710,50493.1,1803.325,28,17,54
user_711,43591.35,1743.654,25,15,594
user_712,64477.19,2223.351379310345,29,20,220
user_713,30543.72,1174.7584615384617,26,19,54
user_714,29835.91,1420.757619047619,21,15,582
user_715,29720.59,1350.935909090909,22,10,796
user_716,45373.39,2160.637619047619,21,15,344
user_717,26995.190000000002,1227.054090909091,22,15,688
user_718,33277.98,1512.6354545454546,22,15,88
user_719,43788.78,1412.5412903225806,31,15,413
user_72,38494.62,1202.956875,32,20,443
user_720,45959.58,1351.7523529411765,34,18,366
user_721,66948.3,2028.7363636363636,33,16,815
user_722,44492.61,1271.2174285714286,35,15,433
user_723,31073.72,1195.143076923077,26,17,709
user_724,31836.66,1273.4664,25,14,462
user_725,44450.08,1646.2992592592593,27,17,618
user_726,35190.21,1135.168064516129,31,17,145
user_727,44494.43,1711.3242307692308,26,17,893
user_728,49214.49,1447.485,34,17,292
user_729,41536.299999999996,1538.3814814814814,27,17,465
user_73,29963.15,1664.6194444444445,18,13,498
user_730,28986.87,1159.4748,25,16,223
user_731,37131.42,1547.1425,24,14,844
user_732,46926.88,1738.0325925925924,27,15,484
user_733,32432.27,1474.1940909090908,22,15,52
user_734,47320.87,1478.7771875,32,19,419
user_735,33724.43,1297.0934615384615,26,15,621
user_736,24550.28,1022.9283333333333,24,13,107
user_737,24308.3,1350.461111111111,18,13,302
user_738,52933.35,1707.5274193548387,31,19,844
user_739,27219.2,1046.8923076923077,26,17,436
user_74,26525.66,1263.1266666666666,21,15,487
user_740,42619.98,1853.0426086956522,23,15,617
user_741,40866.54,1513.5755555555556,27,17,479
user_742,45602.64,1628.6657142857143,28,16,850
user_743,32630.800000000003,1631.5400000000002,20,12,642
user_744,74596.29,2016.1159459459457,37,18,57
user_745,26166.37,1006.3988461538461,26,17,203
user_746,28983.54,1525.4494736842105,19,14,676
user_747,43963.41,1690.9003846153848,26,16,184
user_748,29147.82,1121.07,26,17,763
user_749,27606.31,1200.274347826087,23,14,163
user_75,52239.61,2271.2873913043477,23,11,637
user_750,37929.04,1307.8979310344828,29,16,611
user_751,21031.04,955.9563636363637,22,15,843
user_752,50971.51,1341.3555263157896,38,15,37
user_753,27503.190000000002,1447.5363157894737,19,13,436
user_754,46354.74,2107.033636363636,22,13,38
user_755,28089.54,1560.53,18,12,478
user_756,38497.75,1673.8152173913043,23,15,225
user_757,41331.81,2066.5905,20,15,277
user_758,33395.24,1451.9669565217391,23,15,132
user_759,54997.09,1617.5614705882351,34,16,623
user_76,29883.73,1149.3742307692307,26,16,408
user_760,30697.96,1395.361818181818,22,14,597
user_761,36564.79,1662.0359090909092,22,15,729
user_762,43973.86,1691.3023076923077,26,16,531
user_763,45458.02,1683.6303703703702,27,14,104
user_764,30933.579999999998,1628.0831578947368,19,13,670
user_765,37441.62,1560.0675,24,15,734
user_766,32282.48,1403.5860869565217,23,17,172
user_767,49208.82,1587.3812903225805,31,17,687
user_768,55560.71,1852.0236666666667,30,17,712
user_769,38073.89,2003.888947368421,19,12,116
user_77,28489.73,1139.5892,25,16,123
user_770,37279.97,1620.8682608695653,23,15,387
user_771,32366.97,1541.2842857142857,21,16,42
user_772,39793.93,1730.1708695652173,23,17,335
user_773,29657.67,1744.5688235294117,17,13,437
user_774,35368.05,1178.9350000000002,30,17,873
user_775,37245.66,1960.2978947368422,19,12,882
user_776,37064.7,1372.7666666666667,27,20,438
user_777,31614.399999999998,1663.915789473684,19,12,816
user_778,24551.5,1292.1842105263158,19,12,395
user_779,32744.95,1488.4068181818182,22,14,779
user_78,35826.9,1377.9576923076925,26,12,632
user_780,34228.5,1488.195652173913,23,17,476
user_781,36714.56,1668.8436363636363,22,17,662
user_782,59994.2,1621.4648648648647,37,18,101
user_783,30404.1,1085.8607142857143,28,17,128
user_784,47087.92,1518.9651612903226,31,15,767
user_785,21840.05,1040.002380952381,21,14,714
user_786,45299.27,1887.4695833333333,24,17,293
user_787,46144.52,1398.3187878787878,33,20,451
user_788,37304.78,1332.3135714285713,28,18,170
user_789,36823.8,1753.514285714286,21,14,149
user_79,77303.38,2273.628823529412,34,16,527
user_790,32208.11,1150.2896428571428,28,17,378
user_791,24110.33,1148.1109523809525,21,14,733
user_792,39328.85,1638.7020833333333,24,15,433
user_793,40244.87,1829.3122727272728,22,14,325
user_794,39558.59,1521.4842307692306,26,18,713
user_795,23668.57,1314.9205555555554,18,13,164
user_796,24222.63,1009.27625,24,17,694
user_797,57663.06,1860.0987096774193,31,16,279
user_798,40737.6,1851.709090909091,22,15,243
user_799,38173.75,1659.7282608695652,23,14,674
user_8,37209.65,1860.4825,20,14,421
user_80,46954.11,1619.1072413793104,29,18,792
user_800,37141.35,1688.2431818181817,22,14,579
user_801,55139.67,1969.2739285714285,28,15,805
user_802,41450.66,1337.1180645161292,31,20,711
user_803,51055.47,1823.409642857143,28,17,322
user_804,31335.03,1080.518275862069,29,21,822
user_805,31367.08,1363.7860869565218,23,15,827
user_806,35427.979999999996,2214.2487499999997,16,11,770
user_807,39348.71,2314.63,17,13,486
user_808,40749.869999999995,2144.7299999999996,19,13,68
user_809,45406.22,1464.7167741935484,31,17,532
user_81,53655.47,1578.1020588235294,34,18,895
user_810,40006.8,1379.544827586207,29,15,471
user_811,47225.92,2146.632727272727,22,14,545
user_812,48446.7,1384.1914285714286,35,15,596
user_813,43091.79,1267.405588235294,34,20,863
user_814,10540.1,810.7769230769231,13,10,508
user_815,24112.12,1148.1961904761904,21,12,581
user_816,36321.63,1396.9857692307692,26,15,645
user_817,53229.04,1901.037142857143,28,16,490
user_818,35822.04,1628.2745454545454,22,14,509
user_819,43331.81,1604.8818518518517,27,19,653
user_82,30033.18,1155.1223076923077,26,18,230
user_820,48815.11,2324.5290476190476,21,13,307
user_821,50510.26,1365.1421621621623,37,18,242
user_822,42029.57,1681.1828,25,16,462
user_823,24560.78,1228.039,20,13,674
user_824,40652.6,1505.6518518518517,27,16,384
user_825,39979.89,2221.105,18,11,324
user_826,58338.56,1666.816,35,20,515
user_827,35097.95,1525.9978260869564,23,17,171
user_828,29422.38,1548.5463157894737,19,13,815
user_829,29838.64,1297.3321739130436,23,17,884
user_83,26076.45,965.7944444444445,27,17,759
user_830,41953.68,1613.603076923077,26,17,51
user_831,31620.57,1437.2986363636364,22,11,418
user_832,38605.05,1838.3357142857144,21,13,99
user_833,55298.61,1675.7154545454546,33,19,858
user_834,39656.85,1367.4775862068966,29,19,860
user_835,56911.45,1835.8532258064515,31,20,742
user_836,47448.89,1530.6093548387096,31,19,152
user_837,59349.14,1914.4883870967742,31,15,783
user_838,35741.04,1276.4657142857143,28,16,341
user_839,41949.39,1553.681111111111,27,13,358
user_84,62411.61,1783.1888571428572,35,18,93
user_840,35856.91,1792.8455000000001,20,13,464
user_841,51295.07,1831.9667857142856,28,16,373
user_842,32503.05,1547.7642857142857,21,13,688
user_843,32249.91,1402.17,23,14,872
user_844,35161.21,1302.267037037037,27,14,212
user_845,25413.09,1270.6545,20,15,571
user_846,38045.24,1729.3290909090908,22,15,691
user_847,20866.34,1227.4317647058824,17,11,126
user_848,35402.21,1685.8195238095238,21,12,413
user_849,53346.68,1569.02,34,18,475
user_85,42101.51,2105.0755,20,15,79
user_850,39448.97,1793.135,22,14,632
user_851,46130.75,1441.5859375,32,19,637
user_852,23130.22,1217.38,19,13,412
user_853,27922.63,1073.9473076923077,26,18,425
user_854,23194.120000000003,1364.3600000000001,17,13,498
user_855,34873.78,1660.6561904761904,21,14,111
user_856,33568.83,1459.514347826087,23,16,335
user_857,38491.33,1539.6532,25,15,589
user_858,32249.57,1289.9828,25,14,278
user_859,23220.34,967.5141666666667,24,16,56
user_86,39415.82,1407.7078571428572,28,19,787
user_860,35733.65,1191.1216666666667,30,18,848
user_861,26384.37,1256.3985714285714,21,14,545
user_862,53888.19,1738.3287096774195,31,18,135
user_863,36243.840000000004,1342.3644444444446,27,17,463
user_864,35584.15,1317.9314814814816,27,14,571
user_865,30843.32,1814.3129411764705,17,13,811
user_866,60017.22,2222.86,27,14,746
user_867,35457.3,1969.8500000000001,18,11,705
user_868,49788.53,1464.3685294117647,34,18,492
user_869,52708.45,1387.0644736842105,38,20,86
user_87,32300.07,1538.0985714285714,21,11,864
user_870,45253.14,1740.5053846153846,26,16,809
user_871,37620.74,1567.5308333333332,24,14,775
user_872,41223.08,1585.503076923077,26,16,786
user_873,47606.98,1487.718125,32,21,224
user_874,26945.43,1585.025294117647,17,11,85
user_875,41509.76,1596.529230769231,26,17,464
user_876,56649.97,1573.6102777777778,36,18,118
user_877,38344.31,1742.9231818181818,22,14,583
user_878,34739.56,1389.5824,25,13,844
user_879,35556.58,1693.1704761904762,21,17,506
user_88,27660.48,1202.6295652173912,23,16,168
user_880,21481.89,740.7548275862068,29,16,753
user_881,42368.58,2229.9252631578947,19,14,550
user_882,34019.83,1889.9905555555556,18,14,461
user_883,32435.489999999998,1297.4196,25,18,467
user_884,23163.329999999998,1447.7081249999999,16,12,713
user_885,39607.25,1466.9351851851852,27,15,373
user_886,35932.05,1497.16875,24,15,52
user_887,52912.49,1763.7496666666666,30,17,99
user_888,39883.53,1734.0665217391304,23,14,260
user_889,36871.58,1536.3158333333333,24,16,573
user_89,19377.73,1019.8805263157894,19,15,535
user_890,36073.23,1639.692272727273,22,15,360
user_891,20925.28,1395.0186666666666,15,12,717
user_892,36138.17,1445.5267999999999,25,17,773
user_893,43681.44,1456.048,30,18,668
user_894,33395.77,2385.4121428571425,14,11,824
user_895,53563.880000000005,2060.149230769231,26,17,414
user_896,37023.95,1609.736956521739,23,17,393
user_897,42194.13,1205.5465714285713,35,20,514
user_898,53270.72,1775.6906666666666,30,17,517
user_899,35291.14,1357.3515384615384,26,18,492
user_9,59503.27,1859.4771875,32,18,504
user_90,32477.629999999997,1299.1052,25,18,590
user_900,23846.93,1083.9513636363636,22,15,142
user_901,33831.43,1127.7143333333333,30,18,306
user_902,32850.71,1368.7795833333332,24,16,630
user_903,35478.78,1223.4062068965518,29,16,673
user_904,39991.23,1333.0410000000002,30,18,674
user_905,30680.6,1095.7357142857143,28,18,689
user_906,27124.559999999998,1595.5623529411764,17,12,406
user_907,23153.02,1361.9423529411765,17,11,676
user_908,53070.59,1658.4559375,32,16,713
user_909,28501.51,1295.5231818181817,22,17,832
user_91,23387.53,1169.3764999999999,20,14,834
user_910,36041.49,1501.72875,24,16,186
user_911,50199.29,1434.2654285714286,35,19,271
user_912,46059.340000000004,1588.253103448276,29,17,694
user_913,34861.46,1584.611818181818,22,15,630
user_914,44285.73,1581.6332142857143,28,14,203
user_915,40516.73,1500.6196296296298,27,17,148
user_916,36848.03,1674.9104545454545,22,15,267
user_917,34718.57,1335.3296153846154,26,14,263
user_918,33843.04,1353.7216,25,15,439
user_919,36708.06,1468.3224,25,18,562
user_92,45854.0,1834.16,25,14,294
user_920,34406.06,1433.5858333333333,24,16,113
user_921,35733.26,1116.664375,32,15,730
user_922,21988.79,1157.3047368421053,19,15,107
user_923,43780.79,1751.2316,25,15,127
user_924,31204.940000000002,1835.584705882353,17,12,187
user_925,22579.54,1075.2161904761906,21,16,122
user_926,23474.56,1676.7542857142857,14,12,431
user_927,42999.01,1228.5431428571428,35,19,225
user_928,47415.43,2061.540434782609,23,14,553
user_929,34398.57,1375.9428,25,16,732
user_93,54351.57,1698.4865625,32,20,197
user_930,18692.91,1168.306875,16,12,777
user_931,37486.64,1102.5482352941176,34,17,107
user_932,26809.34,1489.4077777777777,18,12,684
user_933,41220.82,1962.8961904761904,21,14,384
user_934,19945.77,1329.718,15,10,57
user_935,42567.65,1467.8500000000001,29,15,62
user_936,38161.19,1590.0495833333334,24,18,518
user_937,44702.409999999996,2128.6861904761904,21,14,34
user_938,36943.28,1231.4426666666666,30,15,667
user_939,23389.18,1299.398888888889,18,14,466
user_94,52330.51,1938.167037037037,27,14,345
user_940,21243.95,1118.1026315789475,19,11,516
user_941,34160.86,1797.94,19,14,631
user_942,24022.760000000002,1334.597777777778,18,15,123
user_943,48232.59,1722.5925,28,18,261
user_944,30282.97,1164.7296153846155,26,17,366
user_945,39182.729999999996,1703.596956521739,23,14,661
user_946,59681.13,2210.412222222222,27,17,797
user_947,41147.37,1645.8948,25,16,122
user_948,57323.86,1637.8245714285715,35,20,470
user_949,20686.670000000002,1292.9168750000001,16,12,190
user_95,27882.73,1212.2926086956522,23,11,245
user_950,39863.77,1733.2073913043478,23,16,484
user_951,36486.03,1459.4412,25,14,253
user_952,52512.88,2188.0366666666664,24,14,82
user_953,38773.28,1384.76,28,17,837
user_954,35456.92,1418.2767999999999,25,16,697
user_955,44559.55,1350.2893939393941,33,18,36
user_956,51002.85,1275.07125,40,20,50
user_957,45768.04,1695.1125925925926,27,17,176
user_958,43366.19,1495.3858620689657,29,18,794
user_959,14606.49,1217.2075,12,10,766
user_96,48587.01,1619.567,30,19,654
user_960,45645.47,1630.1953571428571,28,13,475
user_961,28357.72,1417.886,20,13,130
user_962,26758.38,1486.5766666666668,18,14,417
user_963,61824.740000000005,1873.47696969697,33,19,232
user_964,37244.4,1379.4222222222222,27,17,805
user_965,30260.59,1780.034705882353,17,12,226
user_966,31445.97,1367.2160869565218,23,18,467
user_967,48132.56,1851.2523076923076,26,15,594
user_968,52962.13,2037.0049999999999,26,18,845
user_969,45642.52,1984.4573913043478,23,17,618
user_97,35465.2,2533.2285714285713,14,10,605
user_970,38317.3,1419.1592592592594,27,14,220
user_971,34148.95,1484.736956521739,23,14,748
user_972,25642.3,1282.115,20,12,303
user_973,29796.69,1862.293125,16,12,884
user_974,32232.62,1289.3048,25,14,175
user_975,29652.57,1289.2421739130434,23,14,553
user_976,41887.42,1551.385925925926,27,15,708
user_977,30790.63,1466.2204761904763,21,14,63
user_978,43645.73,1616.5085185185187,27,18,158
user_979,35962.77,1563.5986956521738,23,14,200
user_98,49203.189999999995,1696.6617241379308,29,18,838
user_980,38661.99,1933.0994999999998,20,13,438
user_981,37478.17,1292.3506896551723,29,14,486
user_982,21504.77,1075.2385,20,13,787
user_983,40756.33,1358.5443333333335,30,17,289
user_984,46447.77,1786.4526923076921,26,15,188
user_985,58770.99,1895.838387096774,31,16,850
user_986,27856.51,1114.2604,25,15,502
user_987,38584.5,1543.38,25,16,515
user_988,42572.08,1576.7437037037037,27,17,514
user_989,47105.74,1472.054375,32,19,721
user_99,38661.28,1610.8866666666665,24,18,85
user_990,44342.3,1847.5958333333335,24,15,666
user_991,43732.32,1749.2928,25,15,466
user_992,32755.64,1213.171851851852,27,18,287
user_993,54722.37,1824.0790000000002,30,18,195
user_994,28871.56,1202.9816666666668,24,15,142
user_995,31898.42,1449.9281818181817,22,16,88
user_996,64123.909999999996,2003.8721874999999,32,16,427
user_997,26825.77,1411.8826315789474,19,14,343
user_998,43098.76,1197.187777777778,36,19,695
user_999,32334.0,1616.7,20,15,320
